supplier_name,total_products,categories_supplied,total_inventory_value,total_stock,avg_unit_price,total_sales_volume,avg_turnover_rate,low_stock_count,active_products,last_order_month,low_stock_pct,supply_reliability_score,gold_processed_at
Katz,11,6,2671.25,605,4.29,703,63.09,4,2,2024-11,36.36,77.68,2026-05-17 04:24:58
Babblestorm,7,4,1176.1,348,3.41,403,62.14,1,3,2024-12,14.29,66.41,2026-05-17 04:24:58
Trupe,2,1,368.0,139,2.5,179,89.5,0,1,2024-12,0.0,66.02,2026-05-17 04:24:58
Mybuzz,5,3,948.5,314,3.1,267,68.8,0,2,2024-08,0.0,64.78,2026-05-17 04:24:58
Gigashots,6,4,963.5,348,2.91,427,65.67,2,2,2024-12,33.33,63.2,2026-05-17 04:24:58
Brainbox,1,1,230.0,46,5.0,64,96.0,0,1,2024-09,0.0,61.28,2026-05-17 04:24:58
Aibox,3,3,900.0,153,6.67,194,71.33,0,1,2025-02,0.0,61.28,2026-05-17 04:24:58
Quatz,8,5,1686.0,395,4.09,489,60.88,4,4,2025-02,50.0,60.35,2026-05-17 04:24:58
Fatz,1,1,405.0,90,4.5,81,88.0,0,0,2025-02,0.0,59.81,2026-05-17 04:24:58
Kazio,1,1,667.5,89,7.5,48,94.0,0,1,2024-07,0.0,59.73,2026-05-17 04:24:58
Topicware,2,2,530.1500000000001,140,3.98,173,69.0,0,2,2024-07,0.0,59.33,2026-05-17 04:24:58
Twitterwire,7,3,2189.7,538,4.49,393,40.57,1,2,2024-11,14.29,59.15,2026-05-17 04:24:58
Cogidoo,1,1,258.1,58,4.45,62,89.0,0,1,2024-04,0.0,59.0,2026-05-17 04:24:58
Twitterbridge,2,2,742.5,144,6.25,156,70.0,0,0,2024-07,0.0,58.64,2026-05-17 04:24:58
Divape,1,1,445.0,89,5.0,94,81.0,0,0,2024-11,0.0,58.41,2026-05-17 04:24:58
Einti,3,2,417.2,219,1.57,183,64.0,0,0,2024-09,0.0,58.37,2026-05-17 04:24:58
Jamia,1,1,651.0,93,7.0,72,83.0,0,0,2024-08,0.0,57.73,2026-05-17 04:24:58
Midel,3,3,1199.0,183,6.67,217,55.0,0,2,2025-01,0.0,57.58,2026-05-17 04:24:58
Photobug,7,5,1337.0,357,4.03,468,48.57,3,2,2025-01,42.86,57.45,2026-05-17 04:24:58
Yadel,2,2,728.25,165,4.38,116,72.5,0,1,2025-01,0.0,57.07,2026-05-17 04:24:58
Skimia,6,3,1641.95,312,4.82,427,45.83,2,1,2024-11,33.33,57.06,2026-05-17 04:24:58
Dynava,2,2,942.5,197,4.75,118,68.5,0,0,2025-02,0.0,55.95,2026-05-17 04:24:58
Fadeo,1,1,116.0,58,2.0,53,80.0,0,1,2024-10,0.0,55.69,2026-05-17 04:24:58
Skippad,2,2,896.8,197,4.55,130,65.0,0,1,2024-12,0.0,55.57,2026-05-17 04:24:58
Janyx,3,2,986.5,140,7.17,172,57.0,0,1,2025-01,0.0,55.56,2026-05-17 04:24:58
Innojam,3,2,527.25,137,3.75,132,62.67,0,1,2025-01,0.0,54.96,2026-05-17 04:24:58
Trunyx,3,2,965.2,272,3.6,166,56.0,0,3,2024-04,0.0,54.9,2026-05-17 04:24:58
Chatterbridge,3,3,796.0,248,3.33,166,55.67,0,1,2024-12,0.0,54.79,2026-05-17 04:24:58
Flashset,2,2,356.8,131,2.9,91,69.5,0,1,2024-05,0.0,54.67,2026-05-17 04:24:58
Thoughtmix,2,2,547.6,156,3.9,156,57.0,0,1,2024-11,0.0,54.62,2026-05-17 04:24:58
Realpoint,2,2,200.0,145,1.67,149,57.5,0,0,2024-07,0.0,54.36,2026-05-17 04:24:58
Youbridge,5,3,900.8199999999999,298,2.78,298,67.6,2,2,2025-01,40.0,54.23,2026-05-17 04:24:58
Flashdog,1,1,272.6,94,2.9,57,74.0,0,0,2024-07,0.0,54.07,2026-05-17 04:24:58
Meevee,10,4,1943.3500000000001,513,3.58,534,41.7,6,1,2025-02,60.0,54.06,2026-05-17 04:24:58
Gigabox,3,2,305.6,142,2.13,229,73.33,1,0,2024-08,33.33,53.95,2026-05-17 04:24:58
Yozio,2,2,1030.0,139,7.75,111,63.0,0,1,2025-01,0.0,53.84,2026-05-17 04:24:58
Voonix,1,1,364.9,82,4.45,30,78.0,0,0,2024-11,0.0,53.72,2026-05-17 04:24:58
Devshare,6,4,1627.0,374,4.58,366,61.33,3,1,2025-02,50.0,53.27,2026-05-17 04:24:58
Abata,2,2,280.0,127,2.25,135,56.5,0,1,2025-01,0.0,53.23,2026-05-17 04:24:58
Realmix,2,2,556.0,104,5.5,158,51.5,0,0,2025-01,0.0,53.04,2026-05-17 04:24:58
Eimbee,7,4,1837.0,341,5.09,466,48.14,4,0,2025-01,57.14,52.92,2026-05-17 04:24:58
Oozz,2,2,1218.0,121,10.5,148,53.0,0,1,2025-02,0.0,52.91,2026-05-17 04:24:58
Gabcube,1,1,540.0,60,9.0,95,63.0,0,1,2024-06,0.0,52.9,2026-05-17 04:24:58
Tambee,1,1,340.0,85,4.0,95,63.0,0,1,2024-10,0.0,52.9,2026-05-17 04:24:58
Centidel,1,1,36.0,20,1.8,62,69.0,0,0,2024-06,0.0,52.82,2026-05-17 04:24:58
Edgewire,3,1,670.2,174,2.9,153,51.67,0,1,2024-08,0.0,52.79,2026-05-17 04:24:58
Meezzy,1,1,272.6,58,4.7,85,63.0,0,1,2024-08,0.0,52.31,2026-05-17 04:24:58
Trilia,3,2,750.5,153,5.48,149,83.0,1,2,2024-10,33.33,52.25,2026-05-17 04:24:58
Jaxbean,1,1,441.0,98,4.5,86,62.0,0,0,2024-03,0.0,52.06,2026-05-17 04:24:58
Skinte,2,2,301.75,170,1.78,113,56.5,0,0,2024-07,0.0,51.94,2026-05-17 04:24:58
Meejo,2,2,291.9,180,1.65,91,60.5,0,0,2024-10,0.0,51.89,2026-05-17 04:24:58
Oyondu,4,3,632.3,245,2.61,237,56.75,1,1,2025-02,25.0,51.79,2026-05-17 04:24:58
Blogspan,2,2,574.0,86,6.5,100,57.0,0,1,2024-08,0.0,51.33,2026-05-17 04:24:58
Rooxo,2,1,485.0,100,5.75,86,59.0,0,1,2025-02,0.0,51.13,2026-05-17 04:24:58
Skipstorm,1,1,120.6,67,1.8,78,60.0,0,1,2024-04,0.0,50.97,2026-05-17 04:24:58
Yamia,3,2,785.1,194,3.97,223,64.67,1,1,2024-10,33.33,50.92,2026-05-17 04:24:58
Skipfire,6,4,1343.0,333,4.08,364,53.0,3,1,2025-02,50.0,50.58,2026-05-17 04:24:58
Fiveclub,3,3,1615.0,220,7.17,186,36.33,0,1,2025-02,0.0,49.99,2026-05-17 04:24:58
Babbleblab,1,1,265.0,53,5.0,82,56.0,0,0,2024-11,0.0,49.97,2026-05-17 04:24:58
Kwideo,3,3,1158.6,222,5.03,245,57.33,1,1,2024-07,33.33,49.94,2026-05-17 04:24:58
Zooveo,1,1,222.0,37,6.0,47,62.0,0,0,2024-05,0.0,49.77,2026-05-17 04:24:58
Eare,2,1,768.0,128,6.0,130,46.0,0,0,2024-11,0.0,49.69,2026-05-17 04:24:58
Skibox,4,2,417.0,191,2.2,268,43.25,1,1,2025-02,25.0,49.44,2026-05-17 04:24:58
Gigazoom,5,3,896.4,194,4.76,227,64.6,2,2,2025-02,40.0,49.13,2026-05-17 04:24:58
Voomm,3,2,1164.5,209,6.17,238,56.0,1,1,2024-09,33.33,49.12,2026-05-17 04:24:58
Brainlounge,1,1,207.0,69,3.0,98,50.0,0,0,2024-07,0.0,49.05,2026-05-17 04:24:58
Zazio,1,1,575.0,92,6.25,38,61.0,0,0,2024-12,0.0,48.94,2026-05-17 04:24:58
Reallinks,2,2,800.0,117,7.0,115,46.0,0,0,2024-07,0.0,48.81,2026-05-17 04:24:58
Oyoyo,2,2,756.0,126,6.0,114,94.5,1,1,2025-02,50.0,48.75,2026-05-17 04:24:58
Kaymbo,1,1,14.0,70,0.2,62,55.0,0,0,2024-10,0.0,48.49,2026-05-17 04:24:58
Yodo,5,5,1176.2,319,3.6,322,44.0,2,2,2024-10,40.0,48.33,2026-05-17 04:24:58
Yabox,3,2,1194.4,196,5.27,147,38.33,0,0,2025-01,0.0,48.32,2026-05-17 04:24:58
Blogtags,1,1,77.0,77,1.0,58,55.0,0,0,2025-02,0.0,48.25,2026-05-17 04:24:58
Kimia,2,2,323.7,99,3.9,142,86.5,1,1,2025-02,50.0,47.92,2026-05-17 04:24:58
Demivee,5,3,1868.5,324,6.0,290,48.6,2,3,2024-12,40.0,47.88,2026-05-17 04:24:58
Roombo,3,3,888.5,177,4.83,127,72.67,1,1,2024-10,33.33,47.77,2026-05-17 04:24:58
Skinix,3,1,859.0,196,4.33,264,79.0,2,0,2025-01,66.67,47.76,2026-05-17 04:24:58
Blognation,3,3,1118.3,211,4.45,209,56.67,1,0,2024-08,33.33,47.63,2026-05-17 04:24:58
Ntag,2,2,915.6,175,5.2,84,47.5,0,1,2025-02,0.0,47.46,2026-05-17 04:24:58
Flipopia,5,4,963.5,237,4.5,217,60.4,2,3,2025-02,40.0,47.25,2026-05-17 04:24:58
Jaxworks,3,3,710.5,212,3.75,177,29.0,0,1,2024-08,0.0,47.19,2026-05-17 04:24:58
Edgepulse,1,1,297.0,99,3.0,50,53.0,0,0,2025-01,0.0,47.16,2026-05-17 04:24:58
Fivebridge,6,4,701.9000000000001,300,2.4,372,40.0,3,1,2024-11,50.0,47.03,2026-05-17 04:24:58
Photospace,2,1,632.0,172,4.0,192,74.0,1,1,2025-02,50.0,46.99,2026-05-17 04:24:58
Jaxspan,3,1,411.5,135,3.5,183,59.33,1,2,2025-02,33.33,46.92,2026-05-17 04:24:58
Avaveo,5,3,1310.5,252,4.3,310,41.6,2,2,2025-01,40.0,46.89,2026-05-17 04:24:58
Skalith,4,3,1044.9,228,5.35,244,63.75,2,1,2024-12,50.0,46.87,2026-05-17 04:24:58
Riffwire,3,2,529.5,133,4.17,87,77.33,1,2,2024-12,33.33,46.86,2026-05-17 04:24:58
Babbleset,1,1,218.5,46,4.75,36,54.0,0,1,2024-08,0.0,46.65,2026-05-17 04:24:58
Thoughtstorm,3,2,926.0,195,4.83,109,71.67,1,1,2024-09,33.33,46.4,2026-05-17 04:24:58
Realblab,4,4,876.4,286,3.08,225,65.75,2,0,2025-01,50.0,46.37,2026-05-17 04:24:58
Quinu,7,3,1541.0,398,3.79,300,44.0,3,4,2025-01,42.86,46.19,2026-05-17 04:24:58
Ooba,2,2,272.0,92,4.25,170,27.0,0,1,2025-02,0.0,46.16,2026-05-17 04:24:58
Lajo,3,2,699.85,251,2.92,241,45.67,1,1,2024-10,33.33,46.1,2026-05-17 04:24:58
Roomm,2,2,237.5,133,1.75,130,82.0,1,0,2025-02,50.0,45.83,2026-05-17 04:24:58
Twitterworks,1,1,225.0,30,7.5,80,43.0,0,0,2024-10,0.0,45.83,2026-05-17 04:24:58
Bluejam,2,2,954.0,174,5.5,106,38.0,0,2,2025-02,0.0,45.81,2026-05-17 04:24:58
Izio,3,2,839.4,176,5.43,255,42.0,1,1,2024-12,33.33,45.79,2026-05-17 04:24:58
Meembee,3,2,447.5,127,2.6,191,54.0,1,0,2025-01,33.33,45.74,2026-05-17 04:24:58
Jazzy,2,2,199.5,105,2.0,122,83.0,1,1,2025-01,50.0,45.67,2026-05-17 04:24:58
Tanoodle,5,4,799.9,253,3.86,291,41.2,2,2,2025-02,40.0,45.65,2026-05-17 04:24:58
Oba,3,2,455.5,174,2.5,252,41.33,1,0,2025-01,33.33,45.4,2026-05-17 04:24:58
InnoZ,2,2,990.0,152,6.5,114,83.5,1,2,2024-12,50.0,45.35,2026-05-17 04:24:58
Flashspan,4,3,548.0,199,2.62,248,57.75,2,2,2024-12,50.0,45.25,2026-05-17 04:24:58
Quimm,1,1,222.5,89,2.5,27,51.0,0,0,2024-07,0.0,45.2,2026-05-17 04:24:58
Feednation,1,1,229.5,51,4.5,73,42.0,0,1,2025-02,0.0,45.11,2026-05-17 04:24:58
Kwimbee,3,2,1456.0,188,7.33,153,59.0,1,1,2025-01,33.33,45.06,2026-05-17 04:24:58
Abatz,3,2,325.9,111,2.97,244,41.67,1,0,2025-01,33.33,45.04,2026-05-17 04:24:58
Talane,4,3,1136.0,243,4.81,264,53.75,2,0,2024-12,50.0,44.95,2026-05-17 04:24:58
Eayo,2,2,246.0,45,5.0,173,71.0,1,0,2024-09,50.0,44.95,2026-05-17 04:24:58
Livefish,1,1,36.0,18,2.0,54,45.0,0,0,2024-10,0.0,44.93,2026-05-17 04:24:58
Fivespan,1,1,207.9,99,2.1,46,46.0,0,1,2024-12,0.0,44.77,2026-05-17 04:24:58
Jabberstorm,3,2,624.2,273,2.3,161,23.67,0,1,2025-02,0.0,44.6,2026-05-17 04:24:58
Bubblemix,5,3,941.6,363,2.65,358,44.2,3,2,2025-01,60.0,44.51,2026-05-17 04:24:58
Chatterpoint,2,1,656.75,124,4.88,131,77.5,1,1,2024-12,50.0,44.49,2026-05-17 04:24:58
Dabtype,4,3,1095.5,166,5.69,214,61.25,2,1,2024-12,50.0,44.34,2026-05-17 04:24:58
Voonder,3,3,590.6,125,4.9,133,92.67,2,1,2024-12,66.67,44.3,2026-05-17 04:24:58
Wikibox,2,1,191.7,108,1.78,171,69.0,1,0,2025-01,50.0,44.21,2026-05-17 04:24:58
Linkbridge,2,2,637.0,174,3.5,155,72.0,1,1,2024-07,50.0,44.2,2026-05-17 04:24:58
Dabfeed,1,1,570.0,76,7.5,31,47.0,0,0,2024-08,0.0,44.19,2026-05-17 04:24:58
Shuffletag,3,3,598.15,160,3.88,201,47.0,1,0,2024-10,33.33,44.17,2026-05-17 04:24:58
Ozu,4,2,1152.5,242,4.75,251,53.25,2,1,2024-09,50.0,44.03,2026-05-17 04:24:58
Cogilith,3,3,467.0,163,4.0,163,53.67,1,2,2025-01,33.33,44.0,2026-05-17 04:24:58
Skyndu,3,3,499.0,220,2.17,139,58.0,1,1,2024-09,33.33,43.93,2026-05-17 04:24:58
Zoonder,2,2,566.0,119,4.5,114,78.5,1,1,2024-11,50.0,43.81,2026-05-17 04:24:58
Bluezoom,3,3,855.5,205,4.27,174,18.33,0,1,2024-10,0.0,43.71,2026-05-17 04:24:58
Eire,3,2,271.8,81,4.6,228,72.67,2,2,2024-10,66.67,43.69,2026-05-17 04:24:58
Thoughtblab,5,2,2180.0,345,5.6,222,9.0,0,1,2025-01,0.0,43.64,2026-05-17 04:24:58
Jabbersphere,6,2,1757.2,303,5.48,353,48.67,4,3,2025-01,66.67,43.6,2026-05-17 04:24:58
Thoughtworks,1,1,140.0,80,1.75,41,43.0,0,0,2024-05,0.0,43.54,2026-05-17 04:24:58
Dabshots,2,2,397.7,98,4.15,138,24.5,0,1,2024-06,0.0,43.51,2026-05-17 04:24:58
Demimbu,3,1,608.2,205,2.87,245,36.0,1,0,2025-01,33.33,43.35,2026-05-17 04:24:58
Jaloo,2,2,755.4,84,7.65,89,80.5,1,2,2024-06,50.0,42.96,2026-05-17 04:24:58
Twimm,2,2,293.0,125,2.25,107,77.0,1,2,2024-05,50.0,42.93,2026-05-17 04:24:58
Dynabox,4,3,857.7,255,3.58,304,39.25,2,3,2024-09,50.0,42.81,2026-05-17 04:24:58
Pixonyx,3,1,709.15,145,4.63,197,43.0,1,2,2025-02,33.33,42.69,2026-05-17 04:24:58
Camimbo,1,1,484.0,88,5.5,57,37.0,0,0,2024-04,0.0,42.63,2026-05-17 04:24:58
Mudo,3,2,415.25,145,3.25,227,37.0,1,1,2024-11,33.33,42.6,2026-05-17 04:24:58
Geba,5,3,1456.5,260,5.1,322,44.4,3,3,2024-12,60.0,42.46,2026-05-17 04:24:58
Feedfire,4,2,1592.5,341,4.62,213,55.25,2,3,2024-12,50.0,42.42,2026-05-17 04:24:58
Blogpad,3,1,639.0,166,3.67,107,59.0,1,0,2025-01,33.33,42.36,2026-05-17 04:24:58
Oloo,2,2,252.0,132,2.25,106,74.5,1,0,2024-12,50.0,42.1,2026-05-17 04:24:58
Kwilith,3,2,509.0,144,3.58,216,69.33,2,1,2024-08,66.67,41.95,2026-05-17 04:24:58
Skyble,3,3,480.79999999999995,203,2.3,157,15.67,0,2,2024-07,0.0,41.9,2026-05-17 04:24:58
Youopia,2,2,738.0,140,4.5,99,74.5,1,1,2024-11,50.0,41.69,2026-05-17 04:24:58
Youspan,1,1,378.0,84,4.5,64,32.0,0,0,2024-10,0.0,41.49,2026-05-17 04:24:58
Twiyo,1,1,301.0,43,7.0,95,26.0,0,1,2024-10,0.0,41.45,2026-05-17 04:24:58
Jetpulse,3,3,768.0,168,4.5,144,49.0,1,0,2025-02,33.33,41.44,2026-05-17 04:24:58
Miboo,3,2,340.75,144,3.42,165,77.33,2,0,2025-01,66.67,41.43,2026-05-17 04:24:58
Shufflebeat,2,2,456.0,126,4.0,86,75.5,1,1,2024-12,50.0,41.23,2026-05-17 04:24:58
Blogtag,2,2,639.0,126,7.5,107,71.0,1,1,2024-11,50.0,41.07,2026-05-17 04:24:58
Edgeify,1,1,228.0,57,4.0,56,32.0,0,0,2024-06,0.0,41.02,2026-05-17 04:24:58
LiveZ,2,2,1075.0,159,7.0,112,69.5,1,0,2024-10,50.0,40.9,2026-05-17 04:24:58
Tagtune,3,2,542.8000000000001,165,2.55,159,76.67,2,2,2024-07,66.67,40.88,2026-05-17 04:24:58
Feedfish,1,1,57.5,23,2.5,95,24.0,0,0,2024-12,0.0,40.84,2026-05-17 04:24:58
Devcast,4,3,1178.6,261,4.35,261,41.0,2,2,2025-01,50.0,40.83,2026-05-17 04:24:58
Skidoo,5,3,1478.9,252,5.9,209,41.0,2,2,2024-11,40.0,40.78,2026-05-17 04:24:58
Vinder,6,4,773.0,202,4.33,301,48.67,4,1,2025-02,66.67,40.55,2026-05-17 04:24:58
Skaboo,2,2,400.5,155,2.5,100,70.5,1,0,2024-11,50.0,40.51,2026-05-17 04:24:58
JumpXS,1,1,55.0,11,5.0,88,24.0,0,0,2024-09,0.0,40.42,2026-05-17 04:24:58
Layo,4,2,779.6,135,5.2,271,37.5,2,2,2025-01,50.0,40.33,2026-05-17 04:24:58
Babbleopia,1,1,580.0,58,10.0,75,26.0,0,1,2024-11,0.0,40.28,2026-05-17 04:24:58
Riffpedia,1,1,196.8,82,2.4,48,31.0,0,1,2024-12,0.0,40.24,2026-05-17 04:24:58
Tazz,3,2,804.5,146,4.83,190,36.0,1,1,2025-02,33.33,40.12,2026-05-17 04:24:58
Vidoo,4,3,1277.0,290,5.12,242,42.25,2,2,2025-02,50.0,40.1,2026-05-17 04:24:58
Kanoodle,5,3,469.1,177,3.06,316,56.8,4,3,2025-02,80.0,39.94,2026-05-17 04:24:58
Livetube,5,2,820.5,258,2.8,248,49.8,3,1,2024-11,60.0,39.79,2026-05-17 04:24:58
Npath,2,2,464.1,119,4.58,135,61.5,1,1,2024-12,50.0,39.78,2026-05-17 04:24:58
Wikido,2,2,397.0,62,5.5,71,73.0,1,0,2024-10,50.0,39.58,2026-05-17 04:24:58
Meemm,1,1,200.0,100,2.0,26,33.0,0,0,2024-03,0.0,39.57,2026-05-17 04:24:58
Quaxo,2,1,961.0,127,8.0,62,74.5,1,1,2024-10,50.0,39.52,2026-05-17 04:24:58
Pixoboo,1,1,316.0,79,4.0,46,29.0,0,0,2025-01,0.0,39.51,2026-05-17 04:24:58
Lazz,4,3,825.5,154,4.75,301,53.25,3,2,2025-01,75.0,39.46,2026-05-17 04:24:58
Avavee,1,1,157.5,63,2.5,33,31.0,0,0,2024-05,0.0,39.36,2026-05-17 04:24:58
Yata,3,2,588.9,223,2.77,124,46.0,1,0,2024-10,33.33,39.34,2026-05-17 04:24:58
Flipbug,3,3,494.1,111,5.82,191,65.33,2,0,2025-01,66.67,39.25,2026-05-17 04:24:58
Wordpedia,3,2,456.0,108,4.75,109,48.33,1,1,2024-08,33.33,39.18,2026-05-17 04:24:58
Devpulse,6,5,945.6,259,4.37,280,32.0,3,1,2024-09,50.0,39.16,2026-05-17 04:24:58
Fliptune,2,2,1026.0,171,6.0,70,23.0,0,1,2024-08,0.0,39.06,2026-05-17 04:24:58
Rhyloo,4,4,934.5,207,4.44,253,60.0,3,3,2024-08,75.0,38.74,2026-05-17 04:24:58
Topicshots,3,2,373.4,139,2.63,155,37.33,1,2,2024-10,33.33,38.48,2026-05-17 04:24:58
Tagpad,1,1,114.4,26,4.4,73,20.0,0,0,2024-09,0.0,38.31,2026-05-17 04:24:58
Thoughtsphere,2,2,747.0,131,4.5,162,51.5,1,0,2025-02,50.0,38.27,2026-05-17 04:24:58
Twitterbeat,4,3,1043.8,164,5.55,241,36.5,2,2,2024-11,50.0,38.26,2026-05-17 04:24:58
Tagfeed,2,2,315.0,126,2.5,164,50.5,1,2,2024-11,50.0,38.08,2026-05-17 04:24:58
Rhycero,1,1,552.5,85,6.5,46,24.0,0,0,2025-02,0.0,37.96,2026-05-17 04:24:58
Linktype,2,2,385.5,87,4.38,145,53.5,1,2,2024-09,50.0,37.89,2026-05-17 04:24:58
Brightbean,4,2,700.3,174,3.58,229,61.75,3,2,2025-02,75.0,37.87,2026-05-17 04:24:58
Livepath,3,3,576.1,110,4.37,227,53.67,2,2,2025-02,66.67,37.75,2026-05-17 04:24:58
Eidel,5,4,898.0,199,5.1,273,38.0,3,2,2025-01,60.0,37.6,2026-05-17 04:24:58
Mydeo,3,2,370.8,177,1.93,110,43.0,1,0,2025-02,33.33,37.59,2026-05-17 04:24:58
Bubblebox,4,3,447.6,185,3.02,223,37.5,2,1,2025-01,50.0,37.52,2026-05-17 04:24:58
Latz,2,2,268.0,85,3.65,119,57.0,1,1,2025-01,50.0,37.45,2026-05-17 04:24:58
Avamm,2,2,290.0,116,2.5,141,52.5,1,2,2024-10,50.0,37.35,2026-05-17 04:24:58
Buzzster,2,2,508.0,111,6.0,133,54.0,1,1,2025-01,50.0,37.34,2026-05-17 04:24:58
Shuffledrive,6,4,1726.5,328,6.0,338,47.33,5,4,2024-12,83.33,37.3,2026-05-17 04:24:58
Ainyx,3,2,399.55,129,2.82,144,35.33,1,0,2024-09,33.33,37.21,2026-05-17 04:24:58
Skynoodle,4,4,1014.5,281,3.7,240,57.5,3,1,2025-01,75.0,37.2,2026-05-17 04:24:58
Yakijo,2,1,229.5,43,5.25,176,45.0,1,0,2024-06,50.0,37.08,2026-05-17 04:24:58
Browsetype,4,3,1034.4,228,4.45,350,36.0,3,1,2025-01,75.0,37.0,2026-05-17 04:24:58
Dabjam,4,3,377.85,120,4.36,233,57.5,3,1,2025-01,75.0,36.79,2026-05-17 04:24:58
Wordtune,2,2,446.0,97,3.5,68,64.5,1,0,2025-02,50.0,36.78,2026-05-17 04:24:58
Devpoint,4,4,478.2,145,4.18,301,43.75,3,1,2025-02,75.0,36.53,2026-05-17 04:24:58
Aivee,2,2,230.0,134,1.75,192,39.0,1,1,2024-08,50.0,36.16,2026-05-17 04:24:58
Jaxnation,3,3,509.7,138,3.8,168,26.67,1,0,2024-12,33.33,35.94,2026-05-17 04:24:58
Dabvine,1,1,360.0,90,4.0,63,14.0,0,0,2024-04,0.0,35.87,2026-05-17 04:24:58
Topicblab,3,2,497.0,176,2.67,201,20.0,1,2,2024-10,33.33,35.82,2026-05-17 04:24:58
Voolia,2,2,730.0,187,4.0,106,5.5,0,1,2024-10,0.0,35.76,2026-05-17 04:24:58
Rhynoodle,1,1,451.0,82,5.5,39,18.0,0,0,2024-03,0.0,35.69,2026-05-17 04:24:58
Tagopia,4,2,455.9,133,3.7,251,49.75,3,1,2024-12,75.0,35.45,2026-05-17 04:24:58
Jetwire,2,2,977.0,167,6.5,88,7.5,0,1,2025-02,0.0,35.32,2026-05-17 04:24:58
Browsedrive,1,1,55.2,23,2.4,81,8.0,0,1,2024-03,0.0,35.07,2026-05-17 04:24:58
Zoombox,3,3,328.8,174,2.18,195,51.0,2,1,2025-02,66.67,35.05,2026-05-17 04:24:58
Gabvine,2,2,306.75,93,3.62,170,39.5,1,1,2024-10,50.0,35.03,2026-05-17 04:24:58
Cogibox,1,1,84.0,42,2.0,80,8.0,0,0,2024-04,0.0,35.01,2026-05-17 04:24:58
Yodoo,3,3,1026.5,228,4.33,148,26.33,1,1,2024-11,33.33,34.67,2026-05-17 04:24:58
Topicstorm,4,3,683.25,183,3.69,192,34.0,2,1,2025-01,50.0,34.62,2026-05-17 04:24:58
Gigaclub,3,2,406.25,157,2.92,87,37.67,1,2,2025-02,33.33,34.59,2026-05-17 04:24:58
Zoovu,3,3,823.0,113,7.0,163,55.33,2,2,2025-01,66.67,34.51,2026-05-17 04:24:58
Quire,3,3,845.8,216,3.95,236,41.33,2,1,2024-11,66.67,34.46,2026-05-17 04:24:58
Centizu,4,2,788.5,189,3.75,239,48.75,3,0,2024-11,75.0,34.44,2026-05-17 04:24:58
Snaptags,2,2,891.0,139,6.0,92,52.0,1,0,2024-05,50.0,34.32,2026-05-17 04:24:58
Brainverse,4,2,291.75,78,4.31,192,57.25,3,1,2025-01,75.0,34.31,2026-05-17 04:24:58
Eabox,2,2,245.25,135,1.98,105,48.0,1,0,2024-09,50.0,33.84,2026-05-17 04:24:58
Tekfly,1,1,93.5,22,4.25,64,7.0,0,1,2024-10,0.0,33.76,2026-05-17 04:24:58
Realcube,3,3,676.8,206,2.9,192,14.67,1,1,2025-02,33.33,33.64,2026-05-17 04:24:58
Linklinks,5,4,1302.5,218,7.4,200,39.0,3,3,2025-01,60.0,33.63,2026-05-17 04:24:58
Devbug,4,3,829.0,143,5.75,212,26.75,2,0,2024-07,50.0,33.55,2026-05-17 04:24:58
Viva,2,2,249.5,105,2.25,79,51.5,1,0,2024-10,50.0,33.4,2026-05-17 04:24:58
Topdrive,4,2,511.35,98,5.36,228,71.5,4,1,2025-02,100.0,33.33,2026-05-17 04:24:58
Centimia,4,2,288.65,167,1.64,240,44.75,3,0,2025-02,75.0,33.26,2026-05-17 04:24:58
Meeveo,3,3,1036.0,191,5.5,169,17.33,1,2,2024-10,33.33,33.11,2026-05-17 04:24:58
Tavu,2,1,610.0,115,4.5,77,50.5,1,1,2024-08,50.0,32.98,2026-05-17 04:24:58
Shufflester,4,3,977.0,201,4.55,128,40.5,2,1,2024-08,50.0,32.87,2026-05-17 04:24:58
Photofeed,2,2,680.0,86,6.25,153,84.0,2,0,2024-08,100.0,32.79,2026-05-17 04:24:58
Youtags,2,2,492.5,119,5.75,163,33.0,1,1,2025-01,50.0,32.61,2026-05-17 04:24:58
Zava,4,2,693.0,242,2.88,156,33.5,2,1,2025-01,50.0,32.35,2026-05-17 04:24:58
Skivee,2,2,242.0,134,1.75,121,40.0,1,1,2024-07,50.0,32.31,2026-05-17 04:24:58
Kazu,2,2,567.0,99,4.75,159,31.5,1,0,2024-08,50.0,31.91,2026-05-17 04:24:58
Thoughtbeat,3,2,838.5,199,4.33,183,43.0,2,0,2024-12,66.67,31.87,2026-05-17 04:24:58
Wikivu,1,1,524.6,86,6.1,80,94.0,1,1,2025-01,100.0,31.6,2026-05-17 04:24:58
Ntags,2,1,110.4,90,2.4,69,47.5,1,1,2024-10,50.0,31.58,2026-05-17 04:24:58
DabZ,2,2,467.5,61,6.25,103,40.5,1,1,2024-07,50.0,31.41,2026-05-17 04:24:58
Vitz,3,2,613.4,123,4.6,108,55.67,2,0,2025-02,66.67,31.39,2026-05-17 04:24:58
Buzzbean,2,1,800.0,120,7.5,102,40.5,1,0,2025-01,50.0,31.35,2026-05-17 04:24:58
Plajo,3,3,938.0,200,5.0,255,26.33,2,1,2025-02,66.67,30.94,2026-05-17 04:24:58
Camido,3,2,866.0,158,4.92,182,71.33,3,0,2024-05,100.0,30.58,2026-05-17 04:24:58
Dynazzy,1,1,41.0,41,1.0,30,100.0,1,0,2025-02,100.0,30.53,2026-05-17 04:24:58
Podcat,1,1,399.75,41,9.75,93,88.0,1,1,2024-11,100.0,30.51,2026-05-17 04:24:58
Avamba,2,2,132.0,38,3.75,100,86.5,2,1,2025-01,100.0,30.46,2026-05-17 04:24:58
Skilith,2,2,770.0,130,5.25,138,30.0,1,1,2025-01,50.0,30.21,2026-05-17 04:24:58
Jatri,3,2,776.8,128,4.47,101,52.67,2,1,2024-12,66.67,30.05,2026-05-17 04:24:58
Wordify,2,1,322.0,74,5.0,90,38.0,1,1,2024-11,50.0,29.87,2026-05-17 04:24:58
Oyoloo,3,1,486.8,107,4.47,147,43.33,2,1,2025-02,66.67,29.86,2026-05-17 04:24:58
Kamba,4,3,1372.0,182,7.25,236,34.25,3,1,2024-12,75.0,29.77,2026-05-17 04:24:58
Meetz,1,1,400.5,89,4.5,38,96.0,1,0,2025-01,100.0,29.76,2026-05-17 04:24:58
Quamba,2,2,276.0,98,6.0,49,44.0,1,1,2024-11,50.0,29.32,2026-05-17 04:24:58
Buzzshare,3,3,333.0,77,3.93,151,40.0,2,1,2024-12,66.67,29.07,2026-05-17 04:24:58
Yakitri,3,3,501.5,132,3.83,252,52.67,3,1,2024-12,100.0,28.91,2026-05-17 04:24:58
Pixope,1,1,170.0,34,5.0,77,85.0,1,1,2024-06,100.0,28.65,2026-05-17 04:24:58
Digitube,2,2,171.0,74,2.5,116,77.5,2,0,2024-07,100.0,28.61,2026-05-17 04:24:58
Yotz,2,2,459.0,106,5.25,94,81.5,2,1,2025-02,100.0,28.56,2026-05-17 04:24:58
Browsezoom,2,2,466.0,103,3.25,128,26.5,1,0,2024-12,50.0,28.54,2026-05-17 04:24:58
Yambee,2,2,120.0,49,3.0,151,70.5,2,1,2024-07,100.0,28.5,2026-05-17 04:24:58
Jabbertype,2,2,702.0,73,8.38,87,33.0,1,1,2024-10,50.0,28.15,2026-05-17 04:24:58
Rhynyx,2,2,757.5,111,6.25,134,23.5,1,0,2025-02,50.0,27.97,2026-05-17 04:24:58
Omba,4,2,460.0,167,2.52,238,27.75,3,1,2025-02,75.0,27.88,2026-05-17 04:24:58
Photolist,1,1,36.0,12,3.0,46,88.0,1,0,2025-01,100.0,27.75,2026-05-17 04:24:58
Kayveo,3,2,1175.0,155,7.58,160,65.33,3,0,2024-10,100.0,27.43,2026-05-17 04:24:58
Yodel,1,1,90.2,22,4.1,45,87.0,1,0,2024-07,100.0,27.39,2026-05-17 04:24:58
Kare,2,2,317.0,96,3.6,118,73.0,2,1,2024-10,100.0,27.34,2026-05-17 04:24:58
Muxo,1,1,110.0,44,2.5,21,91.0,1,0,2024-04,100.0,27.22,2026-05-17 04:24:58
Zoonoodle,1,1,23.0,23,1.0,84,78.0,1,0,2025-02,100.0,26.89,2026-05-17 04:24:58
Topiclounge,3,2,359.4,115,2.57,177,60.0,3,1,2024-06,100.0,26.78,2026-05-17 04:24:58
Photobean,4,3,681.0,131,5.5,153,40.25,3,1,2025-01,75.0,26.76,2026-05-17 04:24:58
Browsecat,2,1,238.0,118,2.12,123,70.0,2,0,2024-12,100.0,26.7,2026-05-17 04:24:58
Eazzy,1,1,425.0,85,5.0,61,80.0,1,0,2024-06,100.0,26.16,2026-05-17 04:24:58
Meedoo,1,1,225.0,75,3.0,96,73.0,1,0,2024-04,100.0,26.05,2026-05-17 04:24:58
Mydo,3,2,649.0,183,3.0,140,32.0,2,2,2025-02,66.67,25.95,2026-05-17 04:24:58
Zoomzone,1,1,220.8,46,4.8,59,79.0,1,0,2024-12,100.0,25.73,2026-05-17 04:24:58
Vimbo,4,3,623.4,231,2.86,190,29.75,3,1,2024-12,75.0,25.69,2026-05-17 04:24:58
Skyba,2,1,322.5,76,3.38,70,27.5,1,1,2024-04,50.0,25.45,2026-05-17 04:24:58
Buzzdog,2,2,408.6,53,8.05,127,65.0,2,1,2024-08,100.0,25.39,2026-05-17 04:24:58
Browsebug,1,1,258.0,43,6.0,78,73.0,1,0,2024-09,100.0,24.99,2026-05-17 04:24:58
Voolith,3,2,489.5,127,4.83,204,16.67,2,1,2024-12,66.67,24.96,2026-05-17 04:24:58
Skiptube,2,2,880.0,105,9.0,140,60.5,2,0,2024-06,100.0,24.76,2026-05-17 04:24:58
Thoughtbridge,1,1,31.2,26,1.2,84,70.0,1,1,2024-02,100.0,24.42,2026-05-17 04:24:58
Rhyzio,2,1,238.4,89,2.6,119,62.5,2,2,2025-02,100.0,24.15,2026-05-17 04:24:58
Trilith,1,1,155.0,62,2.5,41,77.0,1,0,2024-05,100.0,24.06,2026-05-17 04:24:58
Trudeo,2,2,244.0,109,2.25,125,60.5,2,0,2024-05,100.0,23.88,2026-05-17 04:24:58
Zoombeat,1,1,225.0,45,5.0,90,67.0,1,1,2024-03,100.0,23.84,2026-05-17 04:24:58
Youfeed,3,2,1152.0,192,5.67,108,31.0,2,1,2024-07,66.67,23.76,2026-05-17 04:24:58
Zooxo,2,2,259.4,134,1.9,133,58.0,2,0,2024-12,100.0,23.58,2026-05-17 04:24:58
Roodel,2,2,751.5,134,5.85,81,18.5,1,0,2024-07,50.0,23.31,2026-05-17 04:24:58
Realfire,1,1,2.0,10,0.2,100,63.0,1,0,2024-12,100.0,23.19,2026-05-17 04:24:58
Browseblab,2,2,131.0,37,3.5,121,59.0,2,1,2025-02,100.0,23.18,2026-05-17 04:24:58
Gabspot,2,1,644.5,149,3.75,99,14.5,1,0,2024-05,50.0,23.13,2026-05-17 04:24:58
Kwinu,1,1,108.0,24,4.5,24,77.0,1,0,2024-05,100.0,23.06,2026-05-17 04:24:58
Mynte,2,1,144.5,79,1.75,161,50.5,2,1,2024-11,100.0,22.9,2026-05-17 04:24:58
Feedbug,2,2,291.5,56,5.25,89,64.0,2,0,2024-10,100.0,22.85,2026-05-17 04:24:58
BlogXS,5,4,1145.0,258,5.06,228,33.8,5,1,2025-02,100.0,21.67,2026-05-17 04:24:58
Jayo,3,2,569.1,119,4.7,190,40.33,3,1,2024-07,100.0,21.46,2026-05-17 04:24:58
Yakidoo,1,1,624.0,52,12.0,31,69.0,1,0,2024-10,100.0,21.0,2026-05-17 04:24:58
Twitternation,2,1,203.0,107,3.0,74,11.0,1,0,2025-02,50.0,20.58,2026-05-17 04:24:58
Dazzlesphere,4,3,744.0,153,5.12,166,41.5,4,1,2024-12,100.0,20.41,2026-05-17 04:24:58
Leenti,1,1,337.5,75,4.5,26,68.0,1,0,2024-06,100.0,20.4,2026-05-17 04:24:58
Wikizz,2,1,200.0,60,3.0,121,49.0,2,1,2024-07,100.0,20.09,2026-05-17 04:24:58
Feedmix,2,2,416.4,88,4.65,140,42.5,2,0,2024-10,100.0,19.2,2026-05-17 04:24:58
Divanoodle,1,1,552.5,85,6.5,78,53.0,1,0,2024-07,100.0,18.81,2026-05-17 04:24:58
Oyoba,1,1,189.0,21,9.0,69,51.0,1,0,2024-02,100.0,17.66,2026-05-17 04:24:58
Tagchat,2,2,380.0,101,3.75,97,43.0,2,1,2024-12,100.0,16.83,2026-05-17 04:24:58
Vipe,2,2,767.5,118,6.35,74,46.0,2,0,2025-01,100.0,16.41,2026-05-17 04:24:58
Rhybox,1,1,171.0,19,9.0,29,54.0,1,0,2025-02,100.0,16.24,2026-05-17 04:24:58
Yombu,3,3,300.6,113,3.37,190,22.67,3,0,2025-02,100.0,16.0,2026-05-17 04:24:58
Tagcat,2,1,239.0,100,3.28,124,35.0,2,0,2024-07,100.0,15.94,2026-05-17 04:24:58
Voonyx,1,1,100.5,67,1.5,66,42.0,1,0,2024-05,100.0,14.7,2026-05-17 04:24:58
Jabbercube,2,2,113.2,32,3.9,137,27.5,2,1,2024-07,100.0,14.38,2026-05-17 04:24:58
Edgeclub,1,1,144.0,48,3.0,51,41.0,1,1,2024-05,100.0,13.51,2026-05-17 04:24:58
Demizz,1,1,37.5,25,1.5,31,41.0,1,0,2024-08,100.0,12.34,2026-05-17 04:24:58
Skiba,1,1,70.0,35,2.0,76,32.0,1,1,2025-02,100.0,12.19,2026-05-17 04:24:58
Brightdog,2,2,336.0,76,4.0,97,27.0,2,1,2024-08,100.0,11.88,2026-05-17 04:24:58
Feedspan,1,1,104.0,26,4.0,47,35.0,1,1,2024-06,100.0,11.42,2026-05-17 04:24:58
Gevee,3,3,591.1,101,4.82,146,15.0,3,1,2024-08,100.0,11.04,2026-05-17 04:24:58
Photojam,1,1,63.0,18,3.5,42,32.0,1,0,2024-10,100.0,10.2,2026-05-17 04:24:58
Twitterlist,1,1,175.95,69,2.55,29,34.0,1,0,2024-04,100.0,10.06,2026-05-17 04:24:58
Wordware,2,2,147.4,55,4.0,95,19.0,2,1,2025-01,100.0,9.29,2026-05-17 04:24:58
Brainsphere,1,1,77.0,20,3.85,61,25.0,1,0,2025-01,100.0,9.15,2026-05-17 04:24:58
Yoveo,1,1,46.0,23,2.0,63,23.0,1,0,2025-01,100.0,8.65,2026-05-17 04:24:58
Vinte,2,2,288.7,88,2.65,82,19.0,2,1,2024-08,100.0,8.53,2026-05-17 04:24:58
Eamia,1,1,80.0,16,5.0,21,29.0,1,0,2025-01,100.0,8.04,2026-05-17 04:24:58
Skajo,2,2,182.9,39,4.45,68,17.5,2,0,2025-01,100.0,7.24,2026-05-17 04:24:58
Eadel,2,2,520.0,98,5.0,83,12.0,2,0,2024-10,100.0,6.42,2026-05-17 04:24:58
Topiczoom,1,1,365.0,73,5.0,87,10.0,1,0,2025-02,100.0,6.04,2026-05-17 04:24:58
Zoomlounge,1,1,284.0,71,4.0,58,14.0,1,0,2024-02,100.0,5.57,2026-05-17 04:24:58
Teklist,1,1,102.0,17,6.0,37,16.0,1,1,2024-04,100.0,4.96,2026-05-17 04:24:58
Innotype,1,1,153.0,51,3.0,23,17.0,1,1,2024-04,100.0,4.45,2026-05-17 04:24:58
Skyvu,1,1,44.0,11,4.0,84,4.0,1,1,2024-09,100.0,4.0,2026-05-17 04:24:58
Twinte,1,1,175.0,70,2.5,34,3.0,1,1,2024-09,100.0,0.76,2026-05-17 04:24:58
