product_id,product_name,category,supplier_name,status,low_stock,stock_quantity,unit_price,sales_volume,inventory_turnover_rate,inventory_value,cluster_id,cluster_label,gold_processed_at
29-017-6255,Bell Pepper,Fruits & Vegetables,Eimbee,Discontinued,True,46,4.6,96,55,211.6,1,High Stock,2026-05-16 03:34:18
79-569-8856,Vegetable Oil,Oils & Fats,Digitube,Backordered,True,51,2.0,24,83,102.0,1,High Stock,2026-05-16 03:34:18
28-146-2641,Parmesan Cheese,Dairy,BlogXS,Discontinued,True,38,12.0,35,24,456.0,0,Premium Stock,2026-05-16 03:34:18
11-581-9869,Carrot,Fruits & Vegetables,Avaveo,Discontinued,True,51,1.5,44,95,76.5,1,High Stock,2026-05-16 03:34:18
13-202-4809,Garlic,Fruits & Vegetables,Katz,Discontinued,False,27,7.0,91,77,189.0,1,High Stock,2026-05-16 03:34:18
70-145-2550,Lemon,Fruits & Vegetables,Yata,Backordered,False,91,2.4,38,70,218.4,1,High Stock,2026-05-16 03:34:18
10-626-8536,Coconut Sugar,Grains & Pulses,Lazz,Active,True,17,5.0,76,89,85.0,1,High Stock,2026-05-16 03:34:18
82-380-5378,Cheese,Dairy,Oozz,Active,False,78,9.0,60,41,702.0,0,Premium Stock,2026-05-16 03:34:18
23-265-8144,Yogurt,Dairy,Jaxnation,Backordered,False,55,1.7,62,26,93.5,1,High Stock,2026-05-16 03:34:18
62-393-9939,Cheddar Cheese,Dairy,Gabcube,Active,False,60,9.0,95,63,540.0,0,Premium Stock,2026-05-16 03:34:18
90-343-9640,Avocado Oil,Oils & Fats,Dabtype,Backordered,True,53,10.0,22,83,530.0,0,Premium Stock,2026-05-16 03:34:18
36-899-5324,Orange,Fruits & Vegetables,Flashdog,Backordered,False,94,2.9,57,74,272.6,0,Premium Stock,2026-05-16 03:34:18
41-538-3129,Digestive Biscuit,Bakery,Devshare,Backordered,True,77,4.0,62,75,308.0,0,Premium Stock,2026-05-16 03:34:18
47-843-8207,Cauliflower,Fruits & Vegetables,Cogilith,Active,True,34,2.5,28,71,85.0,1,High Stock,2026-05-16 03:34:18
94-071-2261,Pear,Fruits & Vegetables,Roodel,Discontinued,False,79,4.5,33,20,355.5,0,Premium Stock,2026-05-16 03:34:18
12-998-3882,Egg (Turkey),Dairy,Bluezoom,Backordered,False,76,2.5,69,27,190.0,1,High Stock,2026-05-16 03:34:18
36-127-4273,Ricotta Cheese,Dairy,Skimia,Active,False,50,6.2,88,70,310.0,0,Premium Stock,2026-05-16 03:34:18
13-144-2169,Eggplant,Fruits & Vegetables,Blogpad,Backordered,True,25,3.0,57,98,75.0,1,High Stock,2026-05-16 03:34:18
86-978-6666,Whole Wheat Flour,Grains & Pulses,Dabjam,Backordered,True,38,2.7,34,54,102.6,1,High Stock,2026-05-16 03:34:18
13-962-6263,Sweet Potato,Fruits & Vegetables,Trupe,Active,False,49,2.0,97,95,98.0,1,High Stock,2026-05-16 03:34:18
10-002-6494,Mango,Fruits & Vegetables,Meevee,Backordered,True,89,4.8,46,11,427.2,0,Premium Stock,2026-05-16 03:34:18
29-741-8132,Kale,Fruits & Vegetables,Blogpad,Backordered,False,47,4.0,26,59,188.0,1,High Stock,2026-05-16 03:34:18
30-806-3823,Jasmine Rice,Grains & Pulses,Topicware,Active,False,53,4.75,100,94,251.75,1,High Stock,2026-05-16 03:34:18
71-074-6292,Sourdough Bread,Bakery,Plajo,Discontinued,True,65,4.0,100,9,260.0,1,High Stock,2026-05-16 03:34:18
46-255-3073,Tilapia,Seafood,Vinder,Active,True,30,7.0,48,23,210.0,1,High Stock,2026-05-16 03:34:18
95-640-0293,Arborio Rice,Grains & Pulses,Geba,Active,False,34,4.5,42,27,153.0,1,High Stock,2026-05-16 03:34:18
45-250-4679,Bread Flour,Grains & Pulses,Dazzlesphere,Backordered,True,54,1.5,41,63,81.0,1,High Stock,2026-05-16 03:34:18
03-833-3577,Cucumber,Fruits & Vegetables,Kanoodle,Active,False,67,1.8,81,77,120.6,1,High Stock,2026-05-16 03:34:18
08-961-3009,Cheese,Dairy,Eimbee,Backordered,False,50,9.2,60,72,460.0,0,Premium Stock,2026-05-16 03:34:18
20-405-4865,Milk,Dairy,Centimia,Backordered,True,13,0.9,46,46,11.7,1,High Stock,2026-05-16 03:34:18
49-377-9731,Lime,Fruits & Vegetables,Livefish,Backordered,False,18,2.0,54,45,36.0,1,High Stock,2026-05-16 03:34:18
39-810-2042,Rice Flour,Grains & Pulses,Quatz,Active,False,24,2.0,98,82,48.0,1,High Stock,2026-05-16 03:34:18
53-805-9523,Sourdough Bread,Bakery,Rhyloo,Active,False,40,4.5,54,29,180.0,1,High Stock,2026-05-16 03:34:18
14-305-5348,Cheese,Dairy,Shuffledrive,Active,True,53,9.0,56,95,477.0,0,Premium Stock,2026-05-16 03:34:18
51-459-5630,Sour Cream,Dairy,Skyvu,Active,True,11,4.0,84,4,44.0,1,High Stock,2026-05-16 03:34:18
88-183-5781,Whole Wheat Bread,Bakery,Lazz,Backordered,True,17,3.5,93,26,59.5,1,High Stock,2026-05-16 03:34:18
41-735-9837,Robusta Coffee,Beverages,Devpulse,Discontinued,True,14,10.0,32,24,140.0,1,High Stock,2026-05-16 03:34:18
88-977-0175,Chocolate Biscuit,Bakery,Yodo,Active,False,100,5.0,47,79,500.0,0,Premium Stock,2026-05-16 03:34:18
66-327-2821,Palm Oil,Oils & Fats,Skipstorm,Active,False,67,1.8,78,60,120.6,1,High Stock,2026-05-16 03:34:18
08-114-3922,Anchovies,Seafood,Camido,Discontinued,True,60,10.0,34,48,600.0,0,Premium Stock,2026-05-16 03:34:18
95-090-2788,Sesame Oil,Oils & Fats,Dabtype,Discontinued,False,45,6.5,86,77,292.5,0,Premium Stock,2026-05-16 03:34:18
26-690-3784,Lettuce,Fruits & Vegetables,Fadeo,Active,False,58,2.0,53,80,116.0,1,High Stock,2026-05-16 03:34:18
46-753-8430,Feta Cheese,Dairy,Rhynyx,Discontinued,False,98,7.0,92,29,686.0,0,Premium Stock,2026-05-16 03:34:18
15-905-7750,Apricot,Fruits & Vegetables,Skinix,Backordered,True,42,5.0,86,99,210.0,1,High Stock,2026-05-16 03:34:18
11-891-8213,Peanut Oil,Oils & Fats,Tagopia,Discontinued,True,38,4.0,41,34,152.0,1,High Stock,2026-05-16 03:34:18
82-811-7988,Olive Oil,Oils & Fats,Realmix,Discontinued,False,36,6.0,74,8,216.0,1,High Stock,2026-05-16 03:34:18
31-746-4951,Whole Wheat Flour,Grains & Pulses,Gigaclub,Active,False,67,2.75,30,6,184.25,1,High Stock,2026-05-16 03:34:18
97-300-7511,Egg (Duck),Dairy,Katz,Backordered,True,37,1.0,90,89,37.0,1,High Stock,2026-05-16 03:34:18
88-304-2855,Pineapple,Fruits & Vegetables,Brainverse,Active,True,20,3.5,80,41,70.0,1,High Stock,2026-05-16 03:34:18
53-008-2419,Jasmine Rice,Grains & Pulses,Skyba,Discontinued,False,62,4.75,31,25,294.5,0,Premium Stock,2026-05-16 03:34:18
76-340-4432,Cucumber,Fruits & Vegetables,Brainverse,Backordered,True,19,1.75,31,81,33.25,1,High Stock,2026-05-16 03:34:18
26-010-9519,Trout,Seafood,Blogtag,Active,True,29,12.0,85,52,348.0,0,Premium Stock,2026-05-16 03:34:18
08-940-8578,Onion,Fruits & Vegetables,Oba,Discontinued,False,34,2.0,90,23,68.0,1,High Stock,2026-05-16 03:34:18
54-374-9986,Cream,Dairy,Oyondu,Discontinued,False,92,2.5,72,96,230.0,1,High Stock,2026-05-16 03:34:18
67-625-9704,Sardines,Seafood,Eayo,Discontinued,False,33,6.0,98,56,198.0,1,High Stock,2026-05-16 03:34:18
56-635-6764,Sourdough Bread,Bakery,Avamba,Backordered,True,12,4.5,75,92,54.0,1,High Stock,2026-05-16 03:34:18
76-584-4790,Peanut Oil,Oils & Fats,Twitterwire,Backordered,True,21,4.0,49,37,84.0,1,High Stock,2026-05-16 03:34:18
57-437-1828,Plum,Fruits & Vegetables,Topicstorm,Backordered,False,37,4.0,62,25,148.0,1,High Stock,2026-05-16 03:34:18
62-777-6010,Sushi Rice,Grains & Pulses,Katz,Backordered,False,77,4.25,42,19,327.25,0,Premium Stock,2026-05-16 03:34:18
06-955-3428,Black Rice,Grains & Pulses,Vinder,Backordered,True,30,6.0,31,34,180.0,1,High Stock,2026-05-16 03:34:18
04-758-0410,Wild Rice,Grains & Pulses,Wordpedia,Discontinued,False,26,10.0,40,59,260.0,0,Premium Stock,2026-05-16 03:34:18
06-655-5498,Wild Rice,Grains & Pulses,Kayveo,Backordered,True,72,9.75,51,95,702.0,0,Premium Stock,2026-05-16 03:34:18
76-401-7083,Pomegranate,Fruits & Vegetables,Meeveo,Active,True,59,6.0,47,18,354.0,0,Premium Stock,2026-05-16 03:34:18
30-429-2162,Black Rice,Grains & Pulses,Npath,Discontinued,True,34,6.15,90,34,209.1,1,High Stock,2026-05-16 03:34:18
49-730-0159,Cream,Dairy,Riffpedia,Active,False,82,2.4,48,31,196.8,1,High Stock,2026-05-16 03:34:18
31-745-6850,Cabbage,Fruits & Vegetables,Lajo,Active,False,94,0.9,98,71,84.60000000000001,1,High Stock,2026-05-16 03:34:18
69-468-5468,Sourdough Bread,Bakery,Vinte,Active,True,59,4.5,32,3,265.5,1,High Stock,2026-05-16 03:34:18
68-636-4774,Carrot,Fruits & Vegetables,Gevee,Active,True,18,1.45,44,19,26.1,1,High Stock,2026-05-16 03:34:18
21-120-6238,All-Purpose Flour,Grains & Pulses,Dabjam,Discontinued,False,55,1.75,34,62,96.25,1,High Stock,2026-05-16 03:34:18
92-995-8689,Cheddar Cheese,Dairy,Wordify,Backordered,True,31,9.0,63,7,279.0,0,Premium Stock,2026-05-16 03:34:18
15-045-8444,Green Coffee,Beverages,Aibox,Discontinued,False,27,12.0,88,83,324.0,0,Premium Stock,2026-05-16 03:34:18
73-567-6194,Whipped Cream,Dairy,Yakitri,Active,True,76,4.0,65,68,304.0,0,Premium Stock,2026-05-16 03:34:18
48-242-8445,Plum,Fruits & Vegetables,Mybuzz,Discontinued,False,40,4.0,45,69,160.0,1,High Stock,2026-05-16 03:34:18
33-507-9886,Pineapple,Fruits & Vegetables,Quinu,Active,False,68,3.5,25,83,238.0,1,High Stock,2026-05-16 03:34:18
80-025-6757,Grapes,Fruits & Vegetables,Thoughtmix,Discontinued,False,59,5.5,74,16,324.5,0,Premium Stock,2026-05-16 03:34:18
36-296-9609,Sunflower Oil,Oils & Fats,Photofeed,Backordered,True,24,2.5,91,71,60.0,1,High Stock,2026-05-16 03:34:18
56-054-8664,Lemon,Fruits & Vegetables,Centimia,Discontinued,True,59,2.45,30,34,144.55,1,High Stock,2026-05-16 03:34:18
64-478-4745,Lemon,Fruits & Vegetables,Mydo,Active,True,63,2.5,56,2,157.5,1,High Stock,2026-05-16 03:34:18
67-546-1568,Peanut Oil,Oils & Fats,Edgeify,Backordered,False,57,4.0,56,32,228.0,1,High Stock,2026-05-16 03:34:18
10-218-2680,Egg (Turkey),Dairy,Quinu,Backordered,True,39,2.5,26,44,97.5,1,High Stock,2026-05-16 03:34:18
46-520-1819,Short Grain Rice,Grains & Pulses,Katz,Backordered,False,41,4.5,38,75,184.5,1,High Stock,2026-05-16 03:34:18
71-436-5841,Cauliflower,Fruits & Vegetables,Dynabox,Discontinued,True,87,2.5,47,4,217.5,1,High Stock,2026-05-16 03:34:18
07-679-1199,Onion,Fruits & Vegetables,Wikizz,Active,True,20,2.0,51,78,40.0,1,High Stock,2026-05-16 03:34:18
20-325-1965,Coconut,Fruits & Vegetables,Katz,Backordered,True,56,5.0,42,53,280.0,0,Premium Stock,2026-05-16 03:34:18
51-069-0489,Bread Flour,Grains & Pulses,Oloo,Discontinued,False,96,1.5,81,89,144.0,1,High Stock,2026-05-16 03:34:18
46-622-3434,Jasmine Rice,Grains & Pulses,Topdrive,Discontinued,True,17,4.75,58,27,80.75,1,High Stock,2026-05-16 03:34:18
05-899-1428,Avocado Oil,Oils & Fats,Dabjam,Active,True,14,10.0,65,62,140.0,1,High Stock,2026-05-16 03:34:18
60-632-8752,Chocolate Biscuit,Bakery,Trunyx,Active,False,96,5.0,45,68,480.0,0,Premium Stock,2026-05-16 03:34:18
65-854-9364,Black Rice,Grains & Pulses,BlogXS,Backordered,True,30,6.3,61,13,189.0,1,High Stock,2026-05-16 03:34:18
66-268-8345,Greek Yogurt,Dairy,Thoughtstorm,Active,False,91,3.0,56,90,273.0,0,Premium Stock,2026-05-16 03:34:18
13-673-7016,Peach,Fruits & Vegetables,Youfeed,Backordered,True,47,4.0,36,48,188.0,1,High Stock,2026-05-16 03:34:18
20-054-3716,Chocolate Biscuit,Bakery,JumpXS,Discontinued,False,11,5.0,88,24,55.0,1,High Stock,2026-05-16 03:34:18
11-073-0189,Plum,Fruits & Vegetables,Voomm,Active,False,95,4.0,69,5,380.0,0,Premium Stock,2026-05-16 03:34:18
40-793-7235,Sour Cream,Dairy,Chatterbridge,Discontinued,False,92,4.0,23,78,368.0,0,Premium Stock,2026-05-16 03:34:18
56-894-3733,Yogurt,Dairy,Skinte,Backordered,False,85,1.75,49,75,148.75,1,High Stock,2026-05-16 03:34:18
83-117-7658,Asparagus,Fruits & Vegetables,Yabox,Backordered,False,92,5.0,62,20,460.0,0,Premium Stock,2026-05-16 03:34:18
72-989-2512,Mushrooms,Fruits & Vegetables,Yakijo,Backordered,False,24,6.0,85,17,144.0,1,High Stock,2026-05-16 03:34:18
58-229-1358,Cream,Dairy,Bubblebox,Backordered,True,21,2.35,87,36,49.35,1,High Stock,2026-05-16 03:34:18
28-275-5901,Anchovies,Seafood,Jatri,Active,False,64,10.0,49,15,640.0,0,Premium Stock,2026-05-16 03:34:18
85-806-8672,Black Tea,Beverages,Kare,Active,True,35,4.7,39,62,164.5,1,High Stock,2026-05-16 03:34:18
65-718-0492,Olive Oil,Oils & Fats,Midel,Active,False,100,6.0,84,9,600.0,0,Premium Stock,2026-05-16 03:34:18
48-289-0604,Vegetable Oil,Oils & Fats,Browseblab,Active,True,18,2.0,25,81,36.0,1,High Stock,2026-05-16 03:34:18
21-809-7115,White Rice,Grains & Pulses,Tagcat,Discontinued,True,80,1.8,46,69,144.0,1,High Stock,2026-05-16 03:34:18
84-269-9130,Long Grain Rice,Grains & Pulses,Flashspan,Discontinued,False,11,1.5,48,65,16.5,1,High Stock,2026-05-16 03:34:18
54-758-4622,Chocolate Biscuit,Bakery,Devcast,Backordered,False,99,5.0,65,16,495.0,0,Premium Stock,2026-05-16 03:34:18
65-867-4029,Peach,Fruits & Vegetables,Livepath,Active,True,40,4.0,92,50,160.0,1,High Stock,2026-05-16 03:34:18
24-310-9184,Rye Bread,Bakery,Brainlounge,Backordered,False,69,3.0,98,50,207.0,1,High Stock,2026-05-16 03:34:18
53-930-2215,Egg (Goose),Dairy,Gabvine,Active,False,60,2.5,77,60,150.0,1,High Stock,2026-05-16 03:34:18
94-598-3383,Brown Rice,Grains & Pulses,Viva,Discontinued,False,79,2.5,43,93,197.5,1,High Stock,2026-05-16 03:34:18
83-625-3618,Asparagus,Fruits & Vegetables,Realmix,Backordered,False,68,5.0,84,95,340.0,0,Premium Stock,2026-05-16 03:34:18
13-844-2178,Sardines,Seafood,Browsetype,Active,True,44,6.0,90,11,264.0,1,High Stock,2026-05-16 03:34:18
89-335-0155,Brown Rice,Grains & Pulses,Fivebridge,Active,True,46,2.5,48,48,115.0,1,High Stock,2026-05-16 03:34:18
38-417-4656,White Sugar,Grains & Pulses,Dazzlesphere,Backordered,True,24,2.0,20,20,48.0,1,High Stock,2026-05-16 03:34:18
74-305-1263,Green Coffee,Beverages,Photobean,Active,True,29,12.0,28,40,348.0,0,Premium Stock,2026-05-16 03:34:18
02-508-3777,Egg (Quail),Dairy,Realpoint,Discontinued,False,97,0.8,97,18,77.60000000000001,1,High Stock,2026-05-16 03:34:18
35-299-0889,Coconut Oil,Oils & Fats,Gevee,Discontinued,True,33,5.0,60,25,165.0,1,High Stock,2026-05-16 03:34:18
41-594-5069,Egg (Duck),Dairy,Blogtags,Discontinued,False,77,1.0,58,55,77.0,1,High Stock,2026-05-16 03:34:18
83-553-9523,Buttermilk,Dairy,Zoombox,Active,True,28,2.45,76,78,68.60000000000001,1,High Stock,2026-05-16 03:34:18
93-198-5984,Mango,Fruits & Vegetables,Skalith,Active,False,73,5.0,50,67,365.0,0,Premium Stock,2026-05-16 03:34:18
73-874-7534,Pomegranate,Fruits & Vegetables,Twitterwire,Backordered,False,88,6.0,72,88,528.0,0,Premium Stock,2026-05-16 03:34:18
18-107-7886,Evaporated Milk,Dairy,Demivee,Active,False,64,2.0,74,50,128.0,1,High Stock,2026-05-16 03:34:18
63-956-0739,Robusta Coffee,Beverages,Jetwire,Backordered,False,68,10.0,39,6,680.0,0,Premium Stock,2026-05-16 03:34:18
26-177-5690,Cucumber,Fruits & Vegetables,Skinte,Discontinued,False,85,1.8,64,38,153.0,1,High Stock,2026-05-16 03:34:18
47-749-3277,Powdered Sugar,Grains & Pulses,Devbug,Backordered,False,46,2.5,54,24,115.0,1,High Stock,2026-05-16 03:34:18
57-763-5501,Cod,Seafood,Kwimbee,Discontinued,False,72,8.0,54,38,576.0,0,Premium Stock,2026-05-16 03:34:18
90-230-9767,Long Grain Rice,Grains & Pulses,Voonyx,Discontinued,True,67,1.5,66,42,100.5,1,High Stock,2026-05-16 03:34:18
19-214-5762,Pear,Fruits & Vegetables,Gigashots,Backordered,True,41,4.5,57,62,184.5,1,High Stock,2026-05-16 03:34:18
74-642-2435,Cauliflower,Fruits & Vegetables,Skinix,Backordered,False,66,2.5,85,39,165.0,1,High Stock,2026-05-16 03:34:18
87-104-0187,Whole Wheat Flour,Grains & Pulses,Rhyloo,Backordered,True,86,2.75,52,91,236.5,1,High Stock,2026-05-16 03:34:18
87-272-6544,Egg (Goose),Dairy,Skalith,Discontinued,False,90,2.5,51,87,225.0,1,High Stock,2026-05-16 03:34:18
06-340-6856,Wild Rice,Grains & Pulses,Podcat,Active,True,41,9.75,93,88,399.75,0,Premium Stock,2026-05-16 03:34:18
80-020-8041,Black Rice,Grains & Pulses,Wordware,Active,True,11,6.2,49,34,68.2,1,High Stock,2026-05-16 03:34:18
48-461-3742,Kiwi,Fruits & Vegetables,Zooveo,Discontinued,False,37,6.0,47,62,222.0,1,High Stock,2026-05-16 03:34:18
78-362-8578,Lemon,Fruits & Vegetables,Vimbo,Backordered,False,72,2.45,25,9,176.4,1,High Stock,2026-05-16 03:34:18
60-550-4771,Haddock,Seafood,Kwimbee,Backordered,True,75,9.0,49,40,675.0,0,Premium Stock,2026-05-16 03:34:18
42-907-6946,Coconut Oil,Oils & Fats,Bluejam,Active,False,90,5.0,55,64,450.0,0,Premium Stock,2026-05-16 03:34:18
99-048-8310,Tomato,Fruits & Vegetables,Demimbu,Discontinued,True,32,2.5,80,36,80.0,1,High Stock,2026-05-16 03:34:18
85-440-3667,Gouda Cheese,Dairy,Kamba,Backordered,False,68,7.0,53,20,476.0,0,Premium Stock,2026-05-16 03:34:18
93-571-7294,Sushi Rice,Grains & Pulses,Quire,Backordered,True,78,4.35,69,40,339.29999999999995,0,Premium Stock,2026-05-16 03:34:18
82-977-7752,Spinach,Fruits & Vegetables,Shuffledrive,Active,False,88,2.5,58,21,220.0,1,High Stock,2026-05-16 03:34:18
76-476-9996,Chocolate Biscuit,Bakery,Photobean,Backordered,True,37,5.0,35,23,185.0,1,High Stock,2026-05-16 03:34:18
50-679-2072,Canola Oil,Oils & Fats,Thoughtmix,Active,False,97,2.3,82,98,223.1,1,High Stock,2026-05-16 03:34:18
50-329-3145,Milk,Dairy,Jatri,Backordered,True,12,1.0,31,88,12.0,1,High Stock,2026-05-16 03:34:18
52-392-5312,All-Purpose Flour,Grains & Pulses,Pixonyx,Active,False,50,1.75,87,59,87.5,1,High Stock,2026-05-16 03:34:18
47-663-5703,Basmati Rice,Grains & Pulses,Kanoodle,Discontinued,True,15,4.5,68,74,67.5,1,High Stock,2026-05-16 03:34:18
58-122-2282,Black Tea,Beverages,Ozu,Discontinued,False,59,5.0,45,15,295.0,0,Premium Stock,2026-05-16 03:34:18
84-151-2114,Brown Rice,Grains & Pulses,Avamm,Active,True,39,2.5,77,32,97.5,1,High Stock,2026-05-16 03:34:18
93-682-2069,Lime,Fruits & Vegetables,Roomm,Backordered,False,76,2.0,77,70,152.0,1,High Stock,2026-05-16 03:34:18
48-789-9187,Peach,Fruits & Vegetables,Browsetype,Backordered,True,45,4.0,84,62,180.0,1,High Stock,2026-05-16 03:34:18
85-806-0613,Oatmeal Biscuit,Bakery,Kwimbee,Active,False,41,5.0,50,99,205.0,1,High Stock,2026-05-16 03:34:18
60-285-3783,Mushrooms,Fruits & Vegetables,Youfeed,Active,True,51,6.0,52,21,306.0,0,Premium Stock,2026-05-16 03:34:18
34-547-0827,White Rice,Grains & Pulses,Wikibox,Backordered,False,54,1.8,94,82,97.2,1,High Stock,2026-05-16 03:34:18
06-731-2162,Lemon,Fruits & Vegetables,Meejo,Discontinued,False,87,2.5,61,84,217.5,1,High Stock,2026-05-16 03:34:18
48-193-1199,Canola Oil,Oils & Fats,Omba,Discontinued,True,46,2.3,47,25,105.8,1,High Stock,2026-05-16 03:34:18
40-003-7322,White Sugar,Grains & Pulses,Wordtune,Discontinued,True,13,2.0,38,61,26.0,1,High Stock,2026-05-16 03:34:18
91-417-0366,Grapes,Fruits & Vegetables,Riffwire,Discontinued,True,25,5.5,41,59,137.5,1,High Stock,2026-05-16 03:34:18
24-571-1080,Kale,Fruits & Vegetables,Devshare,Discontinued,False,60,4.0,21,29,240.0,1,High Stock,2026-05-16 03:34:18
22-083-3347,Long Grain Rice,Grains & Pulses,Yodoo,Discontinued,True,69,1.5,34,22,103.5,1,High Stock,2026-05-16 03:34:18
09-101-1740,Sushi Rice,Grains & Pulses,Talane,Discontinued,True,36,4.75,73,60,171.0,1,High Stock,2026-05-16 03:34:18
17-274-6898,Whole Wheat Bread,Bakery,Photobug,Backordered,True,36,3.5,67,43,126.0,1,High Stock,2026-05-16 03:34:18
38-655-2312,Kale,Fruits & Vegetables,Dabshots,Backordered,False,79,4.0,80,26,316.0,0,Premium Stock,2026-05-16 03:34:18
60-327-4114,Egg (Turkey),Dairy,Katz,Active,False,63,2.35,78,100,148.05,1,High Stock,2026-05-16 03:34:18
54-281-3746,Green Beans,Fruits & Vegetables,Viva,Discontinued,True,26,2.0,36,10,52.0,1,High Stock,2026-05-16 03:34:18
25-349-7974,Spinach,Fruits & Vegetables,Devshare,Discontinued,False,72,2.5,82,32,180.0,1,High Stock,2026-05-16 03:34:18
16-380-0753,Apricot,Fruits & Vegetables,Quinu,Active,False,38,5.0,33,62,190.0,1,High Stock,2026-05-16 03:34:18
38-049-9319,Oatmeal Biscuit,Bakery,Trunyx,Active,False,82,5.0,21,58,410.0,0,Premium Stock,2026-05-16 03:34:18
50-329-3360,Wild Rice,Grains & Pulses,Topdrive,Active,True,19,10.0,62,100,190.0,0,Premium Stock,2026-05-16 03:34:18
19-610-2236,Whole Wheat Bread,Bakery,Mybuzz,Active,False,58,3.5,98,69,203.0,1,High Stock,2026-05-16 03:34:18
46-632-8420,Whipped Cream,Dairy,Skippad,Active,False,98,4.1,89,80,401.8,0,Premium Stock,2026-05-16 03:34:18
14-836-2894,Apple,Fruits & Vegetables,Jabbersphere,Active,True,44,3.5,41,61,154.0,1,High Stock,2026-05-16 03:34:18
08-196-2703,Peas,Fruits & Vegetables,Youbridge,Backordered,False,100,3.0,86,70,300.0,0,Premium Stock,2026-05-16 03:34:18
87-097-5691,Robusta Coffee,Beverages,Photofeed,Discontinued,True,62,10.0,62,97,620.0,0,Premium Stock,2026-05-16 03:34:18
04-453-5485,Tomato,Fruits & Vegetables,Quatz,Backordered,False,84,2.5,86,64,210.0,1,High Stock,2026-05-16 03:34:18
82-678-8097,Cottage Cheese,Dairy,Feedmix,Backordered,True,68,4.8,90,2,326.4,0,Premium Stock,2026-05-16 03:34:18
43-703-9939,Pineapple,Fruits & Vegetables,Bubblemix,Active,True,55,3.5,81,19,192.5,1,High Stock,2026-05-16 03:34:18
28-433-8533,Multigrain Bread,Bakery,Topicware,Active,False,87,3.2,73,44,278.40000000000003,1,High Stock,2026-05-16 03:34:18
74-234-0628,Almond Flour,Grains & Pulses,Shuffledrive,Active,True,12,9.5,56,6,114.0,1,High Stock,2026-05-16 03:34:18
02-888-9412,Cauliflower,Fruits & Vegetables,Photobug,Backordered,False,95,2.48,92,72,235.6,1,High Stock,2026-05-16 03:34:18
80-658-6456,Mango,Fruits & Vegetables,Wordtune,Backordered,False,84,5.0,30,68,420.0,0,Premium Stock,2026-05-16 03:34:18
70-587-1204,Black Rice,Grains & Pulses,Reallinks,Discontinued,False,68,6.0,37,31,408.0,0,Premium Stock,2026-05-16 03:34:18
45-317-9731,Palm Oil,Oils & Fats,Wordware,Discontinued,True,44,1.8,46,4,79.2,1,High Stock,2026-05-16 03:34:18
63-874-9747,Orange,Fruits & Vegetables,Oloo,Discontinued,True,36,3.0,25,60,108.0,1,High Stock,2026-05-16 03:34:18
44-546-5713,Peach,Fruits & Vegetables,Blogpad,Discontinued,False,94,4.0,24,20,376.0,0,Premium Stock,2026-05-16 03:34:18
23-070-2433,Powdered Sugar,Grains & Pulses,Meeveo,Discontinued,False,68,2.5,69,1,170.0,1,High Stock,2026-05-16 03:34:18
91-257-3672,Tilapia,Seafood,InnoZ,Active,False,78,7.0,63,100,546.0,0,Premium Stock,2026-05-16 03:34:18
87-013-6488,Sushi Rice,Grains & Pulses,Tekfly,Active,False,22,4.25,64,7,93.5,1,High Stock,2026-05-16 03:34:18
96-209-1739,Evaporated Milk,Dairy,Miboo,Backordered,True,70,2.0,24,54,140.0,1,High Stock,2026-05-16 03:34:18
20-022-3173,Bread Flour,Grains & Pulses,Mydeo,Discontinued,True,21,1.5,38,73,31.5,1,High Stock,2026-05-16 03:34:18
44-552-3909,Pear,Fruits & Vegetables,Riffwire,Active,False,61,4.5,24,92,274.5,0,Premium Stock,2026-05-16 03:34:18
40-902-1995,Asparagus,Fruits & Vegetables,Zoomzone,Backordered,True,46,4.8,59,79,220.8,1,High Stock,2026-05-16 03:34:18
07-846-4804,Jasmine Rice,Grains & Pulses,Tagcat,Discontinued,True,20,4.75,78,1,95.0,1,High Stock,2026-05-16 03:34:18
17-504-3699,Sweet Potato,Fruits & Vegetables,Jaxworks,Active,False,80,2.0,98,13,160.0,1,High Stock,2026-05-16 03:34:18
55-522-8242,Whipped Cream,Dairy,Feedbug,Backordered,True,29,4.0,60,96,116.0,1,High Stock,2026-05-16 03:34:18
17-022-9721,Apple,Fruits & Vegetables,Chatterpoint,Discontinued,True,43,3.5,39,77,150.5,1,High Stock,2026-05-16 03:34:18
03-940-0630,Sunflower Oil,Oils & Fats,Skibox,Discontinued,True,23,2.5,91,86,57.5,1,High Stock,2026-05-16 03:34:18
71-594-6552,Long Grain Rice,Grains & Pulses,Brightbean,Active,True,12,1.5,95,99,18.0,1,High Stock,2026-05-16 03:34:18
53-151-5726,Grapes,Fruits & Vegetables,Flipopia,Backordered,True,37,5.5,34,23,203.5,1,High Stock,2026-05-16 03:34:18
77-777-4536,Basmati Rice,Grains & Pulses,Skidoo,Backordered,True,26,4.4,54,46,114.4,1,High Stock,2026-05-16 03:34:18
07-834-3320,Egg (Quail),Dairy,Trunyx,Active,False,94,0.8,100,42,75.2,1,High Stock,2026-05-16 03:34:18
51-761-6320,Egg (Goose),Dairy,Youopia,Backordered,True,43,2.5,48,98,107.5,1,High Stock,2026-05-16 03:34:18
34-291-4939,Digestive Biscuit,Bakery,Eimbee,Discontinued,True,34,4.0,78,20,136.0,1,High Stock,2026-05-16 03:34:18
67-025-1245,Cabbage,Fruits & Vegetables,Chatterbridge,Active,False,88,1.0,73,63,88.0,1,High Stock,2026-05-16 03:34:18
63-936-0145,Plum,Fruits & Vegetables,Thoughtbeat,Discontinued,True,22,4.0,70,39,88.0,1,High Stock,2026-05-16 03:34:18
27-495-1912,Potato,Fruits & Vegetables,Thoughtbridge,Active,True,26,1.2,84,70,31.2,1,High Stock,2026-05-16 03:34:18
21-013-3508,Cabbage,Fruits & Vegetables,Meevee,Backordered,True,12,1.0,25,23,12.0,1,High Stock,2026-05-16 03:34:18
39-913-2999,Evaporated Milk,Dairy,Centimia,Discontinued,True,23,2.0,68,76,46.0,1,High Stock,2026-05-16 03:34:18
82-395-5070,Chocolate Biscuit,Bakery,Vidoo,Active,True,75,5.0,69,38,375.0,0,Premium Stock,2026-05-16 03:34:18
62-100-2245,Sourdough Bread,Bakery,Meevee,Backordered,True,22,4.2,62,3,92.4,1,High Stock,2026-05-16 03:34:18
09-712-3630,Grapes,Fruits & Vegetables,Aibox,Backordered,False,87,5.5,22,38,478.5,0,Premium Stock,2026-05-16 03:34:18
25-010-9478,Eggplant,Fruits & Vegetables,Topicblab,Active,False,74,3.0,82,12,222.0,1,High Stock,2026-05-16 03:34:18
08-519-5579,Broccoli,Fruits & Vegetables,Abatz,Discontinued,False,35,4.0,90,30,140.0,1,High Stock,2026-05-16 03:34:18
00-366-9496,Grapes,Fruits & Vegetables,Kimia,Active,True,30,5.5,63,98,165.0,1,High Stock,2026-05-16 03:34:18
28-840-6096,Pomegranate,Fruits & Vegetables,Flipopia,Discontinued,True,19,6.0,59,53,114.0,1,High Stock,2026-05-16 03:34:18
04-542-3863,Bread Flour,Grains & Pulses,Eidel,Backordered,True,34,1.5,49,25,51.0,1,High Stock,2026-05-16 03:34:18
18-199-5799,Cheddar Cheese,Dairy,Jayo,Backordered,True,40,9.0,40,48,360.0,0,Premium Stock,2026-05-16 03:34:18
56-875-3717,Brown Rice,Grains & Pulses,Youtags,Active,False,89,2.5,64,63,222.5,1,High Stock,2026-05-16 03:34:18
25-522-6043,Gouda Cheese,Dairy,Kazu,Discontinued,True,71,7.0,77,58,497.0,0,Premium Stock,2026-05-16 03:34:18
27-459-0724,Feta Cheese,Dairy,Quaxo,Discontinued,False,91,7.0,32,65,637.0,0,Premium Stock,2026-05-16 03:34:18
75-080-4909,Corn Oil,Oils & Fats,Tagopia,Backordered,True,20,2.5,86,61,50.0,1,High Stock,2026-05-16 03:34:18
07-970-9352,Bell Pepper,Fruits & Vegetables,Tagtune,Active,False,96,4.45,74,100,427.2000000000001,0,Premium Stock,2026-05-16 03:34:18
26-134-9069,Whipped Cream,Dairy,Devcast,Active,True,14,4.0,90,14,56.0,1,High Stock,2026-05-16 03:34:18
08-396-2704,White Sugar,Grains & Pulses,Cogibox,Discontinued,False,42,2.0,80,8,84.0,1,High Stock,2026-05-16 03:34:18
24-975-4231,Green Beans,Fruits & Vegetables,Jayo,Active,True,31,2.1,55,70,65.10000000000001,1,High Stock,2026-05-16 03:34:18
28-197-9246,Powdered Sugar,Grains & Pulses,Riffwire,Active,False,47,2.5,22,81,117.5,1,High Stock,2026-05-16 03:34:18
77-013-1553,Canola Oil,Oils & Fats,Yodo,Discontinued,False,79,2.3,92,13,181.7,1,High Stock,2026-05-16 03:34:18
22-778-3553,Cheddar Cheese,Dairy,Quaxo,Active,True,36,9.0,30,84,324.0,0,Premium Stock,2026-05-16 03:34:18
14-331-3739,Avocado Oil,Oils & Fats,Voolith,Discontinued,True,24,10.0,99,1,240.0,0,Premium Stock,2026-05-16 03:34:18
59-857-6577,Evaporated Milk,Dairy,Blognation,Discontinued,True,23,2.0,63,26,46.0,1,High Stock,2026-05-16 03:34:18
02-559-8196,Mango,Fruits & Vegetables,Jaxnation,Discontinued,False,61,5.2,74,35,317.2,0,Premium Stock,2026-05-16 03:34:18
13-900-9016,Bell Pepper,Fruits & Vegetables,Meetz,Discontinued,True,89,4.5,38,96,400.5,0,Premium Stock,2026-05-16 03:34:18
15-144-9413,Strawberries,Fruits & Vegetables,Meevee,Backordered,False,58,5.9,52,81,342.20000000000005,0,Premium Stock,2026-05-16 03:34:18
65-527-9488,Grapes,Fruits & Vegetables,Layo,Active,True,38,5.5,59,8,209.0,1,High Stock,2026-05-16 03:34:18
74-818-3306,Spinach,Fruits & Vegetables,Eabox,Backordered,True,45,2.45,25,39,110.25,1,High Stock,2026-05-16 03:34:18
60-198-7050,Green Tea,Beverages,Photobug,Active,True,26,8.0,92,49,208.0,1,High Stock,2026-05-16 03:34:18
82-041-7211,Swiss Cheese,Dairy,Reallinks,Discontinued,False,49,8.0,78,61,392.0,0,Premium Stock,2026-05-16 03:34:18
17-002-4721,Green Beans,Fruits & Vegetables,Omba,Active,True,31,2.0,71,46,62.0,1,High Stock,2026-05-16 03:34:18
74-404-0582,Cherry,Fruits & Vegetables,Jabbersphere,Active,True,57,8.0,44,57,456.0,0,Premium Stock,2026-05-16 03:34:18
73-561-2867,Sourdough Bread,Bakery,Eayo,Discontinued,True,12,4.0,75,86,48.0,1,High Stock,2026-05-16 03:34:18
45-194-4094,Plum,Fruits & Vegetables,Devcast,Active,True,64,3.9,60,67,249.6,1,High Stock,2026-05-16 03:34:18
92-362-3567,Tomato,Fruits & Vegetables,Fivebridge,Discontinued,False,11,2.5,93,53,27.5,1,High Stock,2026-05-16 03:34:18
96-961-2193,Jasmine Rice,Grains & Pulses,Babbleset,Active,False,46,4.75,36,54,218.5,1,High Stock,2026-05-16 03:34:18
92-652-3737,Zucchini,Fruits & Vegetables,Quimm,Backordered,False,89,2.5,27,51,222.5,1,High Stock,2026-05-16 03:34:18
89-673-1543,Digestive Biscuit,Bakery,Lajo,Discontinued,True,72,4.0,85,30,288.0,1,High Stock,2026-05-16 03:34:18
70-815-4015,Butter Biscuit,Bakery,Ozu,Active,True,38,6.0,67,100,228.0,1,High Stock,2026-05-16 03:34:18
90-737-0044,Black Rice,Grains & Pulses,Bubblemix,Backordered,True,79,6.0,26,21,474.0,0,Premium Stock,2026-05-16 03:34:18
67-473-7093,Black Tea,Beverages,Topicstorm,Active,False,56,5.0,52,46,280.0,1,High Stock,2026-05-16 03:34:18
22-621-2774,Strawberries,Fruits & Vegetables,Babblestorm,Active,False,54,6.0,63,97,324.0,0,Premium Stock,2026-05-16 03:34:18
15-240-6267,Eggplant,Fruits & Vegetables,Mybuzz,Active,False,91,3.0,42,93,273.0,0,Premium Stock,2026-05-16 03:34:18
75-152-8731,Pear,Fruits & Vegetables,Voonix,Backordered,False,82,4.45,30,78,364.9,0,Premium Stock,2026-05-16 03:34:18
40-913-9772,Egg (Chicken),Dairy,Einti,Backordered,False,36,0.2,68,88,7.2,1,High Stock,2026-05-16 03:34:18
29-377-7040,Short Grain Rice,Grains & Pulses,Brightdog,Active,True,22,3.0,68,46,66.0,1,High Stock,2026-05-16 03:34:18
72-780-6006,Sunflower Oil,Oils & Fats,Voolith,Discontinued,False,87,2.5,83,3,217.5,1,High Stock,2026-05-16 03:34:18
91-127-7489,Orange,Fruits & Vegetables,Oyondu,Active,False,44,2.95,42,66,129.8,1,High Stock,2026-05-16 03:34:18
91-848-0606,Onion,Fruits & Vegetables,Skyble,Active,False,39,2.0,60,2,78.0,1,High Stock,2026-05-16 03:34:18
11-745-3025,Peach,Fruits & Vegetables,Oyoloo,Backordered,True,15,4.0,37,67,60.0,1,High Stock,2026-05-16 03:34:18
29-823-6004,Zucchini,Fruits & Vegetables,Trudeo,Discontinued,True,52,2.5,36,100,130.0,1,High Stock,2026-05-16 03:34:18
21-718-6746,Coconut,Fruits & Vegetables,Eamia,Discontinued,True,16,5.0,21,29,80.0,1,High Stock,2026-05-16 03:34:18
86-692-2312,Avocado Oil,Oils & Fats,Dazzlesphere,Active,True,30,10.0,22,78,300.0,0,Premium Stock,2026-05-16 03:34:18
54-109-8062,Sushi Rice,Grains & Pulses,Linklinks,Backordered,False,75,4.5,43,18,337.5,0,Premium Stock,2026-05-16 03:34:18
74-943-9034,White Bread,Bakery,Tagfeed,Active,True,30,2.5,97,88,75.0,1,High Stock,2026-05-16 03:34:18
71-300-2191,Broccoli,Fruits & Vegetables,Yamia,Active,False,79,4.0,67,63,316.0,0,Premium Stock,2026-05-16 03:34:18
65-145-9672,Long Grain Rice,Grains & Pulses,Gigashots,Active,False,71,1.5,66,43,106.5,1,High Stock,2026-05-16 03:34:18
93-966-7754,Pineapple,Fruits & Vegetables,Quinu,Active,False,65,3.5,25,13,227.5,1,High Stock,2026-05-16 03:34:18
27-216-9671,Sesame Oil,Oils & Fats,Skilith,Active,False,100,6.5,77,57,650.0,0,Premium Stock,2026-05-16 03:34:18
34-075-0371,Watermelon,Fruits & Vegetables,Latz,Active,False,75,3.0,90,42,225.0,1,High Stock,2026-05-16 03:34:18
24-972-6969,Cheese,Dairy,Twitterbeat,Active,False,69,9.2,28,56,634.8,0,Premium Stock,2026-05-16 03:34:18
92-455-2959,Robusta Coffee,Beverages,Katz,Backordered,True,59,10.3,90,94,607.7,0,Premium Stock,2026-05-16 03:34:18
58-182-6781,Oatmeal Biscuit,Bakery,Pixope,Active,True,34,5.0,77,85,170.0,1,High Stock,2026-05-16 03:34:18
42-134-9798,Canola Oil,Oils & Fats,Omba,Backordered,True,19,2.3,33,38,43.7,1,High Stock,2026-05-16 03:34:18
18-278-2383,Gouda Cheese,Dairy,Skimia,Backordered,False,97,7.0,43,40,679.0,0,Premium Stock,2026-05-16 03:34:18
03-597-9488,Buttermilk,Dairy,Wordpedia,Active,False,70,2.5,47,77,175.0,1,High Stock,2026-05-16 03:34:18
01-439-6231,Sunflower Oil,Oils & Fats,Skidoo,Discontinued,True,88,2.5,25,28,220.0,1,High Stock,2026-05-16 03:34:18
25-911-7736,Orange,Fruits & Vegetables,Oba,Backordered,False,75,3.0,96,65,225.0,1,High Stock,2026-05-16 03:34:18
37-666-3902,Cauliflower,Fruits & Vegetables,Meevee,Backordered,True,19,2.45,70,48,46.55,1,High Stock,2026-05-16 03:34:18
27-757-4489,Egg (Goose),Dairy,Abatz,Discontinued,True,35,2.5,95,91,87.5,1,High Stock,2026-05-16 03:34:18
97-040-3822,Swiss Cheese,Dairy,Gevee,Backordered,True,50,8.0,42,1,400.0,0,Premium Stock,2026-05-16 03:34:18
98-445-7372,Cod,Seafood,Roombo,Discontinued,True,65,8.0,56,94,520.0,0,Premium Stock,2026-05-16 03:34:18
92-152-5820,Black Tea,Beverages,Jaloo,Active,True,18,5.3,65,100,95.4,1,High Stock,2026-05-16 03:34:18
24-986-5091,Vanilla Biscuit,Bakery,Ozu,Discontinued,False,89,5.5,83,25,489.5,0,Premium Stock,2026-05-16 03:34:18
22-849-2551,Mushrooms,Fruits & Vegetables,Izio,Discontinued,False,34,6.2,58,36,210.8,1,High Stock,2026-05-16 03:34:18
15-169-8058,Bread Flour,Grains & Pulses,Feedfire,Active,True,87,1.5,58,21,130.5,1,High Stock,2026-05-16 03:34:18
78-953-2073,Canola Oil,Oils & Fats,Tagopia,Backordered,False,53,2.3,83,77,121.9,1,High Stock,2026-05-16 03:34:18
10-255-8579,Basmati Rice,Grains & Pulses,Trilia,Active,False,56,4.5,69,69,252.0,1,High Stock,2026-05-16 03:34:18
82-948-2298,Kiwi,Fruits & Vegetables,Topdrive,Discontinued,True,38,5.7,53,87,216.6,1,High Stock,2026-05-16 03:34:18
60-747-8704,Papaya,Fruits & Vegetables,Twitterwire,Active,False,97,4.5,53,31,436.5,0,Premium Stock,2026-05-16 03:34:18
98-235-2711,Asparagus,Fruits & Vegetables,Devpoint,Active,True,22,5.0,98,60,110.0,1,High Stock,2026-05-16 03:34:18
83-108-1174,White Bread,Bakery,Devpoint,Backordered,False,78,2.5,89,24,195.0,1,High Stock,2026-05-16 03:34:18
28-505-8317,Watermelon,Fruits & Vegetables,Digitube,Backordered,True,23,3.0,92,72,69.0,1,High Stock,2026-05-16 03:34:18
31-803-5001,Asparagus,Fruits & Vegetables,Voonder,Backordered,False,78,4.7,25,96,366.6,0,Premium Stock,2026-05-16 03:34:18
17-236-0566,Sweet Potato,Fruits & Vegetables,Einti,Backordered,False,95,2.0,61,4,190.0,1,High Stock,2026-05-16 03:34:18
76-090-4411,Ricotta Cheese,Dairy,Shufflester,Active,True,49,6.0,38,11,294.0,0,Premium Stock,2026-05-16 03:34:18
43-910-2342,Plum,Fruits & Vegetables,Feedspan,Active,True,26,4.0,47,35,104.0,1,High Stock,2026-05-16 03:34:18
05-425-0746,Onion,Fruits & Vegetables,Gabspot,Discontinued,True,50,2.0,40,13,100.0,1,High Stock,2026-05-16 03:34:18
93-815-0565,Sesame Oil,Oils & Fats,Jaxworks,Backordered,False,50,6.5,53,73,325.0,0,Premium Stock,2026-05-16 03:34:18
67-270-7464,Jasmine Rice,Grains & Pulses,Yadel,Discontinued,False,91,4.75,51,49,432.25,0,Premium Stock,2026-05-16 03:34:18
61-827-4098,Cod,Seafood,Devbug,Backordered,True,23,8.0,63,5,184.0,1,High Stock,2026-05-16 03:34:18
76-070-1411,Evaporated Milk,Dairy,Realcube,Discontinued,True,15,1.9,71,21,28.5,1,High Stock,2026-05-16 03:34:18
02-034-6209,Sour Cream,Dairy,Yodel,Backordered,True,22,4.1,45,87,90.2,1,High Stock,2026-05-16 03:34:18
49-891-4927,Cottage Cheese,Dairy,Midel,Active,False,37,5.0,68,99,185.0,1,High Stock,2026-05-16 03:34:18
88-807-8431,Haddock,Seafood,Eire,Active,True,11,9.0,86,91,99.0,1,High Stock,2026-05-16 03:34:18
19-672-8982,Butter,Dairy,Meembee,Discontinued,True,21,3.1,64,69,65.10000000000001,1,High Stock,2026-05-16 03:34:18
07-389-5740,Egg (Quail),Dairy,Skimia,Backordered,True,34,0.8,96,30,27.200000000000003,1,High Stock,2026-05-16 03:34:18
39-629-5554,Egg (Goose),Dairy,Muxo,Discontinued,True,44,2.5,21,91,110.0,1,High Stock,2026-05-16 03:34:18
27-635-8394,Orange,Fruits & Vegetables,Twitterwire,Discontinued,False,88,2.9,63,35,255.2,1,High Stock,2026-05-16 03:34:18
65-464-5070,Heavy Cream,Dairy,Ntags,Discontinued,True,12,4.0,20,35,48.0,1,High Stock,2026-05-16 03:34:18
46-911-1159,Onion,Fruits & Vegetables,Voolia,Active,False,98,2.0,46,9,196.0,1,High Stock,2026-05-16 03:34:18
86-672-4191,Egg (Goose),Dairy,Einti,Discontinued,False,88,2.5,54,100,220.0,1,High Stock,2026-05-16 03:34:18
10-555-5971,Sourdough Bread,Bakery,Gigashots,Backordered,False,94,4.0,47,96,376.0,0,Premium Stock,2026-05-16 03:34:18
45-050-4720,Black Rice,Grains & Pulses,Voonder,Active,True,18,6.0,85,97,108.0,1,High Stock,2026-05-16 03:34:18
73-997-6251,Bell Pepper,Fruits & Vegetables,Livetube,Discontinued,False,94,4.5,44,49,423.0,0,Premium Stock,2026-05-16 03:34:18
53-446-8243,Orange,Fruits & Vegetables,Skipfire,Discontinued,True,41,3.0,88,92,123.0,1,High Stock,2026-05-16 03:34:18
12-798-9401,Cream,Dairy,Thoughtblab,Backordered,False,18,2.5,78,4,45.0,1,High Stock,2026-05-16 03:34:18
93-014-4256,Green Beans,Fruits & Vegetables,BlogXS,Active,True,19,2.0,51,79,38.0,1,High Stock,2026-05-16 03:34:18
60-911-3745,Black Rice,Grains & Pulses,Blognation,Backordered,False,98,6.35,70,75,622.3,0,Premium Stock,2026-05-16 03:34:18
53-146-9979,Powdered Sugar,Grains & Pulses,Skidoo,Active,False,21,2.5,37,41,52.5,1,High Stock,2026-05-16 03:34:18
65-780-5622,Butter Biscuit,Bakery,InnoZ,Active,True,74,6.0,51,67,444.0,0,Premium Stock,2026-05-16 03:34:18
29-896-7926,White Rice,Grains & Pulses,Centidel,Backordered,False,20,1.8,62,69,36.0,1,High Stock,2026-05-16 03:34:18
67-027-7269,Mushrooms,Fruits & Vegetables,Twitterbeat,Backordered,False,35,6.5,88,6,227.5,1,High Stock,2026-05-16 03:34:18
25-353-2067,Papaya,Fruits & Vegetables,Brightbean,Backordered,False,81,4.3,23,96,348.3,0,Premium Stock,2026-05-16 03:34:18
72-341-1154,Heavy Cream,Dairy,Yodo,Discontinued,False,85,4.2,65,58,357.0,0,Premium Stock,2026-05-16 03:34:18
16-187-5729,Black Tea,Beverages,Zoombeat,Active,True,45,5.0,90,67,225.0,1,High Stock,2026-05-16 03:34:18
49-311-3063,Kiwi,Fruits & Vegetables,Talane,Discontinued,True,47,6.0,70,20,282.0,0,Premium Stock,2026-05-16 03:34:18
98-652-9569,Butter Biscuit,Bakery,Ooba,Discontinued,False,12,6.0,72,16,72.0,1,High Stock,2026-05-16 03:34:18
14-115-8371,Chocolate Biscuit,Bakery,Yakitri,Backordered,True,23,5.0,97,38,115.0,1,High Stock,2026-05-16 03:34:18
76-540-6407,Orange,Fruits & Vegetables,Demimbu,Backordered,False,92,3.1,79,1,285.2,1,High Stock,2026-05-16 03:34:18
81-573-0943,Egg (Chicken),Dairy,Topiclounge,Active,True,22,0.2,33,68,4.4,1,High Stock,2026-05-16 03:34:18
68-732-5919,Jasmine Rice,Grains & Pulses,Eimbee,Backordered,True,26,4.75,75,12,123.5,1,High Stock,2026-05-16 03:34:18
93-342-8794,Bread Flour,Grains & Pulses,Realblab,Backordered,True,84,1.5,83,95,126.0,1,High Stock,2026-05-16 03:34:18
42-175-1648,Pomegranate,Fruits & Vegetables,Browsetype,Backordered,True,81,6.0,94,10,486.0,0,Premium Stock,2026-05-16 03:34:18
46-083-7058,Haddock,Seafood,Devshare,Active,True,61,9.0,34,76,549.0,0,Premium Stock,2026-05-16 03:34:18
66-716-8221,Cheddar Cheese,Dairy,LiveZ,Backordered,True,70,9.0,63,84,630.0,0,Premium Stock,2026-05-16 03:34:18
12-714-5135,Ricotta Cheese,Dairy,Janyx,Discontinued,False,49,6.0,70,38,294.0,0,Premium Stock,2026-05-16 03:34:18
35-031-1497,Green Coffee,Beverages,Linklinks,Active,True,20,12.0,38,51,240.0,0,Premium Stock,2026-05-16 03:34:18
54-708-7327,Jasmine Rice,Grains & Pulses,Linktype,Active,False,50,4.75,52,75,237.5,1,High Stock,2026-05-16 03:34:18
63-897-8088,Zucchini,Fruits & Vegetables,Skibox,Backordered,False,63,2.5,35,16,157.5,1,High Stock,2026-05-16 03:34:18
79-494-2472,Green Beans,Fruits & Vegetables,Kanoodle,Active,True,42,2.0,39,57,84.0,1,High Stock,2026-05-16 03:34:18
15-679-3935,Grapes,Fruits & Vegetables,Jabbersphere,Backordered,True,22,5.5,34,26,121.0,1,High Stock,2026-05-16 03:34:18
31-608-1445,Papaya,Fruits & Vegetables,Ntag,Discontinued,False,84,4.4,54,32,369.6,0,Premium Stock,2026-05-16 03:34:18
70-206-4860,Egg (Quail),Dairy,Meejo,Discontinued,False,93,0.8,30,37,74.4,1,High Stock,2026-05-16 03:34:18
30-832-5429,Multigrain Bread,Bakery,Topicshots,Backordered,False,46,3.5,68,59,161.0,1,High Stock,2026-05-16 03:34:18
01-173-0029,Blueberries,Fruits & Vegetables,DabZ,Active,False,42,10.0,37,53,420.0,0,Premium Stock,2026-05-16 03:34:18
65-235-7676,Whole Wheat Bread,Bakery,Quire,Active,False,91,3.5,74,57,318.5,0,Premium Stock,2026-05-16 03:34:18
79-400-6216,Mozzarella Cheese,Dairy,Devpoint,Discontinued,True,16,7.2,56,28,115.2,1,High Stock,2026-05-16 03:34:18
35-836-6718,Ricotta Cheese,Dairy,Thoughtblab,Backordered,False,91,6.0,50,5,546.0,0,Premium Stock,2026-05-16 03:34:18
08-573-9997,Pomegranate,Fruits & Vegetables,Meevee,Backordered,False,26,6.0,82,8,156.0,1,High Stock,2026-05-16 03:34:18
66-854-5736,Kiwi,Fruits & Vegetables,Vitz,Discontinued,False,63,5.8,20,100,365.4,0,Premium Stock,2026-05-16 03:34:18
85-835-3445,Egg (Goose),Dairy,Gigashots,Backordered,True,50,2.45,78,79,122.5,1,High Stock,2026-05-16 03:34:18
10-768-2443,Multigrain Bread,Bakery,Katz,Backordered,False,93,3.25,56,72,302.25,0,Premium Stock,2026-05-16 03:34:18
19-112-1616,Lettuce,Fruits & Vegetables,Quamba,Active,False,88,2.0,25,36,176.0,1,High Stock,2026-05-16 03:34:18
89-388-3239,Grapes,Fruits & Vegetables,Centizu,Backordered,True,54,5.5,81,77,297.0,0,Premium Stock,2026-05-16 03:34:18
22-760-4605,Yogurt,Dairy,Bubblemix,Discontinued,False,86,1.75,83,82,150.5,1,High Stock,2026-05-16 03:34:18
38-664-2155,Cauliflower,Fruits & Vegetables,Realpoint,Discontinued,False,48,2.55,52,97,122.4,1,High Stock,2026-05-16 03:34:18
89-713-6071,Sesame Oil,Oils & Fats,Tazz,Active,False,89,6.5,39,25,578.5,0,Premium Stock,2026-05-16 03:34:18
56-191-6497,Bread Flour,Grains & Pulses,Bubblebox,Discontinued,False,97,1.5,35,16,145.5,1,High Stock,2026-05-16 03:34:18
11-604-6002,Canola Oil,Oils & Fats,Kimia,Backordered,False,69,2.3,79,75,158.7,1,High Stock,2026-05-16 03:34:18
20-448-2972,Asparagus,Fruits & Vegetables,Buzzbean,Discontinued,False,80,5.0,26,71,400.0,0,Premium Stock,2026-05-16 03:34:18
77-959-1018,Lettuce,Fruits & Vegetables,Gigabox,Backordered,False,22,2.0,62,78,44.0,1,High Stock,2026-05-16 03:34:18
69-895-3397,Cucumber,Fruits & Vegetables,Yabox,Discontinued,False,28,1.8,33,9,50.4,1,High Stock,2026-05-16 03:34:18
32-933-0329,Blueberries,Fruits & Vegetables,Linklinks,Active,True,23,10.0,40,15,230.0,0,Premium Stock,2026-05-16 03:34:18
33-440-2588,Bell Pepper,Fruits & Vegetables,Tagpad,Backordered,False,26,4.4,73,20,114.4,1,High Stock,2026-05-16 03:34:18
43-193-9915,Mozzarella Cheese,Dairy,Roodel,Discontinued,True,55,7.2,48,17,396.0,0,Premium Stock,2026-05-16 03:34:18
62-998-7250,Evaporated Milk,Dairy,Photobug,Backordered,False,72,2.0,52,14,144.0,1,High Stock,2026-05-16 03:34:18
70-871-4536,Swiss Cheese,Dairy,Cogilith,Active,False,29,8.0,59,52,232.0,0,Premium Stock,2026-05-16 03:34:18
38-822-8005,Cucumber,Fruits & Vegetables,Innojam,Backordered,False,47,1.75,49,19,82.25,1,High Stock,2026-05-16 03:34:18
38-390-2115,Potato,Fruits & Vegetables,Rhyzio,Active,True,42,1.2,43,96,50.4,1,High Stock,2026-05-16 03:34:18
28-968-4195,Eggplant,Fruits & Vegetables,Blogtag,Backordered,False,97,3.0,22,90,291.0,0,Premium Stock,2026-05-16 03:34:18
09-286-8107,Greek Yogurt,Dairy,Skyndu,Discontinued,False,90,3.0,70,83,270.0,1,High Stock,2026-05-16 03:34:18
00-405-7428,Apple,Fruits & Vegetables,Zava,Discontinued,False,81,3.5,42,23,283.5,0,Premium Stock,2026-05-16 03:34:18
43-893-5408,Short Grain Rice,Grains & Pulses,Snaptags,Discontinued,True,60,3.0,47,9,180.0,1,High Stock,2026-05-16 03:34:18
52-481-5224,Kiwi,Fruits & Vegetables,Fiveclub,Backordered,False,45,6.0,44,34,270.0,0,Premium Stock,2026-05-16 03:34:18
34-131-8805,Yogurt,Dairy,Eimbee,Discontinued,False,92,1.75,50,67,161.0,1,High Stock,2026-05-16 03:34:18
36-840-2728,Mackerel,Seafood,Dabfeed,Discontinued,False,76,7.5,31,47,570.0,0,Premium Stock,2026-05-16 03:34:18
64-418-8356,Sunflower Oil,Oils & Fats,Ooba,Active,False,80,2.5,98,38,200.0,1,High Stock,2026-05-16 03:34:18
51-462-0747,Lime,Fruits & Vegetables,Vinder,Backordered,True,21,2.0,43,54,42.0,1,High Stock,2026-05-16 03:34:18
74-711-7160,Sushi Rice,Grains & Pulses,Meembee,Backordered,False,84,4.5,39,69,378.0,0,Premium Stock,2026-05-16 03:34:18
44-637-5512,Watermelon,Fruits & Vegetables,Jaxspan,Active,False,58,3.0,71,30,174.0,1,High Stock,2026-05-16 03:34:18
27-881-1177,Green Tea,Beverages,Skalith,Backordered,True,34,8.0,97,47,272.0,0,Premium Stock,2026-05-16 03:34:18
72-404-5581,Almond Flour,Grains & Pulses,Pixonyx,Active,False,54,9.5,60,20,513.0,0,Premium Stock,2026-05-16 03:34:18
12-046-2988,Corn Oil,Oils & Fats,Youbridge,Backordered,True,17,2.5,23,46,42.5,1,High Stock,2026-05-16 03:34:18
81-605-6246,Sardines,Seafood,Shufflester,Discontinued,False,73,6.0,22,47,438.0,0,Premium Stock,2026-05-16 03:34:18
26-456-1992,Tilapia,Seafood,Geba,Active,True,56,7.0,65,45,392.0,0,Premium Stock,2026-05-16 03:34:18
63-168-6018,Cucumber,Fruits & Vegetables,Bubblemix,Active,True,60,1.8,74,31,108.0,1,High Stock,2026-05-16 03:34:18
70-854-6891,Sourdough Bread,Bakery,Flashspan,Active,True,41,4.0,42,65,164.0,1,High Stock,2026-05-16 03:34:18
87-762-1317,Mozzarella Cheese,Dairy,Dazzlesphere,Discontinued,True,45,7.0,83,5,315.0,0,Premium Stock,2026-05-16 03:34:18
60-456-8169,Cheddar Cheese,Dairy,Oyoba,Backordered,True,21,9.0,69,51,189.0,1,High Stock,2026-05-16 03:34:18
99-543-5039,Lemon,Fruits & Vegetables,Livetube,Backordered,True,65,2.5,89,37,162.5,1,High Stock,2026-05-16 03:34:18
72-810-9753,Sesame Oil,Oils & Fats,Yotz,Active,True,14,6.5,51,73,91.0,1,High Stock,2026-05-16 03:34:18
78-956-4737,Sushi Rice,Grains & Pulses,Photobug,Discontinued,False,47,4.2,32,87,197.4,1,High Stock,2026-05-16 03:34:18
46-415-8633,Apple,Fruits & Vegetables,Omba,Backordered,False,71,3.5,87,2,248.5,1,High Stock,2026-05-16 03:34:18
06-611-5454,Peanut Oil,Oils & Fats,Bluezoom,Backordered,False,64,4.0,51,26,256.0,1,High Stock,2026-05-16 03:34:18
27-783-5470,Feta Cheese,Dairy,Thoughtstorm,Discontinued,False,74,7.0,21,42,518.0,0,Premium Stock,2026-05-16 03:34:18
55-697-5242,Ricotta Cheese,Dairy,Shufflebeat,Discontinued,True,51,6.0,54,59,306.0,0,Premium Stock,2026-05-16 03:34:18
15-082-9124,Apricot,Fruits & Vegetables,LiveZ,Discontinued,False,89,5.0,49,55,445.0,0,Premium Stock,2026-05-16 03:34:18
06-996-3221,Evaporated Milk,Dairy,Buzzshare,Discontinued,False,11,2.0,48,96,22.0,1,High Stock,2026-05-16 03:34:18
15-796-3130,Rye Bread,Bakery,Kwilith,Active,True,50,3.0,83,49,150.0,1,High Stock,2026-05-16 03:34:18
51-000-8113,Green Tea,Beverages,Vidoo,Active,True,24,8.0,49,58,192.0,1,High Stock,2026-05-16 03:34:18
20-387-7746,Powdered Sugar,Grains & Pulses,Aivee,Active,False,64,2.5,97,52,160.0,1,High Stock,2026-05-16 03:34:18
82-931-7126,Asparagus,Fruits & Vegetables,Vitz,Discontinued,True,34,5.0,41,26,170.0,1,High Stock,2026-05-16 03:34:18
55-631-7937,Greek Yogurt,Dairy,Avamba,Active,True,26,3.0,25,81,78.0,1,High Stock,2026-05-16 03:34:18
11-338-4598,Potato,Fruits & Vegetables,Centimia,Backordered,False,72,1.2,96,23,86.39999999999999,1,High Stock,2026-05-16 03:34:18
52-402-9245,Broccoli,Fruits & Vegetables,Plajo,Active,False,89,4.0,93,48,356.0,0,Premium Stock,2026-05-16 03:34:18
09-536-2626,Olive Oil,Oils & Fats,Fliptune,Active,False,83,6.0,47,7,498.0,0,Premium Stock,2026-05-16 03:34:18
06-706-6490,Green Tea,Beverages,Tanoodle,Backordered,True,15,8.0,60,40,120.0,1,High Stock,2026-05-16 03:34:18
29-135-0791,Jasmine Rice,Grains & Pulses,Babblestorm,Backordered,False,56,4.75,71,65,266.0,1,High Stock,2026-05-16 03:34:18
89-624-7462,Asparagus,Fruits & Vegetables,Jaxspan,Backordered,False,18,5.0,58,61,90.0,1,High Stock,2026-05-16 03:34:18
82-231-4245,Wild Rice,Grains & Pulses,Kayveo,Discontinued,True,32,10.0,69,80,320.0,0,Premium Stock,2026-05-16 03:34:18
42-220-9305,White Sugar,Grains & Pulses,Zooxo,Backordered,True,91,2.0,100,20,182.0,1,High Stock,2026-05-16 03:34:18
02-920-4829,White Bread,Bakery,Skyble,Backordered,False,92,2.5,61,31,230.0,1,High Stock,2026-05-16 03:34:18
61-801-8665,Robusta Coffee,Beverages,Demivee,Discontinued,True,42,10.5,34,51,441.0,0,Premium Stock,2026-05-16 03:34:18
98-575-4736,Cucumber,Fruits & Vegetables,Flashset,Active,False,76,1.8,22,91,136.8,1,High Stock,2026-05-16 03:34:18
30-996-2526,Green Beans,Fruits & Vegetables,Izio,Active,True,86,2.1,98,85,180.6,1,High Stock,2026-05-16 03:34:18
45-380-4627,Cabbage,Fruits & Vegetables,Zoombox,Discontinued,False,90,0.9,52,19,81.0,1,High Stock,2026-05-16 03:34:18
47-548-6500,Onion,Fruits & Vegetables,Devpulse,Discontinued,True,20,2.0,23,2,40.0,1,High Stock,2026-05-16 03:34:18
30-591-7275,Brown Rice,Grains & Pulses,Oyondu,Backordered,True,17,2.5,45,29,42.5,1,High Stock,2026-05-16 03:34:18
38-296-6634,Peas,Fruits & Vegetables,Skipfire,Discontinued,False,49,3.0,82,21,147.0,1,High Stock,2026-05-16 03:34:18
98-858-6323,Swiss Cheese,Dairy,Janyx,Active,False,20,8.0,50,65,160.0,1,High Stock,2026-05-16 03:34:18
69-743-0161,Bread Flour,Grains & Pulses,Twitterwire,Discontinued,False,99,1.5,80,10,148.5,1,High Stock,2026-05-16 03:34:18
71-067-3278,Anchovies,Seafood,Twitterbridge,Backordered,False,51,10.0,80,89,510.0,0,Premium Stock,2026-05-16 03:34:18
24-143-4957,Canola Oil,Oils & Fats,Katz,Discontinued,True,25,2.3,72,23,57.49999999999999,1,High Stock,2026-05-16 03:34:18
33-378-1365,Egg (Goose),Dairy,Tagchat,Active,True,50,2.5,76,73,125.0,1,High Stock,2026-05-16 03:34:18
41-729-5410,Sardines,Seafood,Ntag,Active,False,91,6.0,30,63,546.0,0,Premium Stock,2026-05-16 03:34:18
33-335-9140,Olive Oil,Oils & Fats,Blogspan,Active,False,28,6.0,38,25,168.0,1,High Stock,2026-05-16 03:34:18
40-021-2400,Zucchini,Fruits & Vegetables,Katz,Active,False,29,2.5,53,69,72.5,1,High Stock,2026-05-16 03:34:18
81-268-5905,Mackerel,Seafood,Kazio,Active,False,89,7.5,48,94,667.5,0,Premium Stock,2026-05-16 03:34:18
38-617-7226,Mushrooms,Fruits & Vegetables,Bluezoom,Active,False,65,6.3,54,2,409.5,0,Premium Stock,2026-05-16 03:34:18
54-822-9009,Cauliflower,Grains & Pulses,Shufflester,Backordered,False,40,3.2,21,45,128.0,1,High Stock,2026-05-16 03:34:18
02-655-3240,Rice Flour,Grains & Pulses,Jabberstorm,Discontinued,False,99,2.0,36,2,198.0,1,High Stock,2026-05-16 03:34:18
01-839-6534,Short Grain Rice,Grains & Pulses,Tanoodle,Active,False,56,3.0,93,69,168.0,1,High Stock,2026-05-16 03:34:18
98-499-2220,Parmesan Cheese,Dairy,Skidoo,Discontinued,False,37,12.0,39,28,444.0,0,Premium Stock,2026-05-16 03:34:18
69-171-1305,Brown Rice,Grains & Pulses,Livetube,Active,False,31,2.5,25,22,77.5,1,High Stock,2026-05-16 03:34:18
58-946-5152,Bread Flour,Grains & Pulses,Avaveo,Backordered,True,11,1.5,77,46,16.5,1,High Stock,2026-05-16 03:34:18
74-587-2065,Pear,Fruits & Vegetables,Gigaclub,Active,False,29,4.5,31,31,130.5,1,High Stock,2026-05-16 03:34:18
69-287-9113,Zucchini,Fruits & Vegetables,Jaxspan,Active,True,59,2.5,54,87,147.5,1,High Stock,2026-05-16 03:34:18
03-441-4252,Yogurt,Dairy,Wordpedia,Backordered,True,12,1.75,22,9,21.0,1,High Stock,2026-05-16 03:34:18
29-344-3658,Lime,Fruits & Vegetables,Yata,Discontinued,False,75,1.9,63,64,142.5,1,High Stock,2026-05-16 03:34:18
99-894-4351,White Sugar,Grains & Pulses,Devpoint,Backordered,True,29,2.0,58,63,58.0,1,High Stock,2026-05-16 03:34:18
34-709-9237,Carrot,Fruits & Vegetables,Gigaclub,Discontinued,True,61,1.5,26,76,91.5,1,High Stock,2026-05-16 03:34:18
05-498-7751,Cauliflower,Fruits & Vegetables,Abata,Active,False,52,2.5,56,44,130.0,1,High Stock,2026-05-16 03:34:18
67-710-5120,Bread Flour,Grains & Pulses,Skynoodle,Active,True,84,1.5,92,69,126.0,1,High Stock,2026-05-16 03:34:18
37-709-3532,Mushrooms,Fruits & Vegetables,Demivee,Backordered,False,79,6.0,55,20,474.0,0,Premium Stock,2026-05-16 03:34:18
60-311-5701,Sesame Oil,Oils & Fats,Shuffledrive,Backordered,True,39,6.5,54,89,253.5,0,Premium Stock,2026-05-16 03:34:18
97-093-4278,Buttermilk,Dairy,Twitterlist,Discontinued,True,69,2.55,29,34,175.95,1,High Stock,2026-05-16 03:34:18
40-630-1431,Cherry,Fruits & Vegetables,Voomm,Discontinued,True,29,8.0,74,93,232.0,0,Premium Stock,2026-05-16 03:34:18
64-493-5270,Palm Oil,Oils & Fats,Dynabox,Active,False,69,1.8,63,91,124.2,1,High Stock,2026-05-16 03:34:18
07-219-8017,Palm Oil,Oils & Fats,Skibox,Active,False,40,1.8,71,10,72.0,1,High Stock,2026-05-16 03:34:18
73-751-4393,Onion,Fruits & Vegetables,Skyndu,Discontinued,False,68,2.0,37,11,136.0,1,High Stock,2026-05-16 03:34:18
50-942-2409,Peas,Fruits & Vegetables,Meedoo,Backordered,True,75,3.0,96,73,225.0,1,High Stock,2026-05-16 03:34:18
01-018-6418,Chocolate Biscuit,Bakery,Chatterbridge,Backordered,False,68,5.0,70,26,340.0,0,Premium Stock,2026-05-16 03:34:18
40-997-2786,Yogurt,Dairy,Browsecat,Backordered,True,76,1.75,62,48,133.0,1,High Stock,2026-05-16 03:34:18
11-766-8738,Watermelon,Fruits & Vegetables,Jabbersphere,Discontinued,True,27,3.0,70,58,81.0,1,High Stock,2026-05-16 03:34:18
55-936-2406,Bread Flour,Grains & Pulses,Mynte,Active,True,27,1.5,66,13,40.5,1,High Stock,2026-05-16 03:34:18
62-816-8794,Rice Flour,Grains & Pulses,Photobug,Backordered,True,15,2.0,90,26,30.0,1,High Stock,2026-05-16 03:34:18
04-104-6993,Buttermilk,Dairy,Trilia,Active,False,60,2.45,42,91,147.0,1,High Stock,2026-05-16 03:34:18
35-835-5591,Tilapia,Seafood,Fiveclub,Backordered,False,95,7.0,61,38,665.0,0,Premium Stock,2026-05-16 03:34:18
27-269-5260,Pineapple,Fruits & Vegetables,Rhyloo,Active,True,14,3.5,74,84,49.0,1,High Stock,2026-05-16 03:34:18
20-031-0532,Mango,Fruits & Vegetables,Oyoloo,Discontinued,True,32,4.9,84,34,156.8,1,High Stock,2026-05-16 03:34:18
46-452-9419,Egg (Duck),Dairy,Wordify,Active,False,43,1.0,27,69,43.0,1,High Stock,2026-05-16 03:34:18
90-492-0564,Pomegranate,Fruits & Vegetables,Shuffledrive,Discontinued,True,92,6.0,32,22,552.0,0,Premium Stock,2026-05-16 03:34:18
17-395-1121,Plum,Fruits & Vegetables,Lajo,Backordered,False,85,3.85,58,36,327.25,0,Premium Stock,2026-05-16 03:34:18
83-400-9746,Mozzarella Cheese,Dairy,Eidel,Active,False,24,7.0,58,61,168.0,1,High Stock,2026-05-16 03:34:18
19-854-3663,Watermelon,Fruits & Vegetables,Dabjam,Backordered,True,13,3.0,100,52,39.0,1,High Stock,2026-05-16 03:34:18
57-167-0669,Haddock,Seafood,Rhybox,Discontinued,True,19,9.0,29,54,171.0,1,High Stock,2026-05-16 03:34:18
83-763-5038,Buttermilk,Dairy,Jatri,Backordered,True,52,2.4,21,55,124.8,1,High Stock,2026-05-16 03:34:18
87-391-9658,Corn Oil,Oils & Fats,Centizu,Discontinued,True,26,2.5,45,45,65.0,1,High Stock,2026-05-16 03:34:18
67-725-6830,Brown Rice,Grains & Pulses,Quinu,Backordered,False,51,2.5,53,4,127.5,1,High Stock,2026-05-16 03:34:18
12-093-9863,Arborio Rice,Grains & Pulses,Feednation,Active,False,51,4.5,73,42,229.5,1,High Stock,2026-05-16 03:34:18
44-408-7594,Eggplant,Fruits & Vegetables,Eire,Backordered,False,39,3.0,51,98,117.0,1,High Stock,2026-05-16 03:34:18
04-637-8815,Apricot,Fruits & Vegetables,Zoonder,Active,True,90,5.0,34,72,450.0,0,Premium Stock,2026-05-16 03:34:18
88-746-9468,Onion,Fruits & Vegetables,Skiba,Active,True,35,2.0,76,32,70.0,1,High Stock,2026-05-16 03:34:18
32-987-5559,Green Tea,Beverages,Zoovu,Backordered,True,39,8.0,28,18,312.0,0,Premium Stock,2026-05-16 03:34:18
02-484-0206,Short Grain Rice,Grains & Pulses,Quatz,Active,True,64,3.0,48,100,192.0,1,High Stock,2026-05-16 03:34:18
41-316-8427,Arborio Rice,Grains & Pulses,Realcube,Active,False,95,4.5,60,19,427.5,0,Premium Stock,2026-05-16 03:34:18
56-668-5370,Vegetable Oil,Oils & Fats,Vimbo,Discontinued,True,70,2.0,100,15,140.0,1,High Stock,2026-05-16 03:34:18
45-172-7012,Papaya,Fruits & Vegetables,Brightbean,Active,True,20,4.5,35,50,90.0,1,High Stock,2026-05-16 03:34:18
93-015-0811,Pineapple,Fruits & Vegetables,Gigashots,Discontinued,False,18,3.5,88,96,63.0,1,High Stock,2026-05-16 03:34:18
52-029-2382,Coconut Oil,Oils & Fats,Brightdog,Discontinued,True,54,5.0,29,8,270.0,1,High Stock,2026-05-16 03:34:18
28-044-4102,Papaya,Fruits & Vegetables,Yakijo,Discontinued,True,19,4.5,91,73,85.5,1,High Stock,2026-05-16 03:34:18
34-861-4446,Ricotta Cheese,Dairy,Photobug,Active,False,66,6.0,43,49,396.0,0,Premium Stock,2026-05-16 03:34:18
80-334-0215,Grapes,Fruits & Vegetables,Camimbo,Discontinued,False,88,5.5,57,37,484.0,0,Premium Stock,2026-05-16 03:34:18
94-697-2396,Sourdough Bread,Bakery,Zoomlounge,Discontinued,True,71,4.0,58,14,284.0,1,High Stock,2026-05-16 03:34:18
76-027-4850,Onion,Fruits & Vegetables,Tavu,Active,False,39,2.0,25,19,78.0,1,High Stock,2026-05-16 03:34:18
15-907-3681,Plum,Fruits & Vegetables,Brainsphere,Discontinued,True,20,3.85,61,25,77.0,1,High Stock,2026-05-16 03:34:18
15-762-1058,Lime,Fruits & Vegetables,Tazz,Backordered,True,29,2.0,81,53,58.0,1,High Stock,2026-05-16 03:34:18
57-779-4955,Black Rice,Grains & Pulses,Zazio,Backordered,False,92,6.25,38,61,575.0,0,Premium Stock,2026-05-16 03:34:18
68-436-1268,Egg (Duck),Dairy,Aivee,Backordered,True,70,1.0,95,26,70.0,1,High Stock,2026-05-16 03:34:18
75-094-1179,Rye Bread,Bakery,Vitz,Discontinued,True,26,3.0,47,41,78.0,1,High Stock,2026-05-16 03:34:18
11-032-9778,Peas,Fruits & Vegetables,Edgepulse,Backordered,False,99,3.0,50,53,297.0,0,Premium Stock,2026-05-16 03:34:18
24-478-8277,Multigrain Bread,Bakery,Bubblebox,Active,False,47,3.25,30,72,152.75,1,High Stock,2026-05-16 03:34:18
12-239-9399,Potato,Fruits & Vegetables,Tagtune,Active,True,28,1.2,30,56,33.6,1,High Stock,2026-05-16 03:34:18
83-321-7887,Egg (Duck),Dairy,Yombu,Discontinued,True,44,1.0,96,38,44.0,1,High Stock,2026-05-16 03:34:18
80-371-3695,Cottage Cheese,Dairy,Divape,Backordered,False,89,5.0,94,81,445.0,0,Premium Stock,2026-05-16 03:34:18
49-199-6836,Tomato,Fruits & Vegetables,Thoughtbeat,Discontinued,False,100,2.5,84,44,250.0,1,High Stock,2026-05-16 03:34:18
85-510-2915,White Bread,Bakery,Mybuzz,Discontinued,False,62,2.5,42,44,155.0,1,High Stock,2026-05-16 03:34:18
08-637-9335,Lettuce,Fruits & Vegetables,Meemm,Backordered,False,100,2.0,26,33,200.0,1,High Stock,2026-05-16 03:34:18
85-212-2729,Egg (Turkey),Dairy,Browsecat,Backordered,True,42,2.5,61,92,105.0,1,High Stock,2026-05-16 03:34:18
51-469-4611,Long Grain Rice,Grains & Pulses,Fivebridge,Discontinued,True,62,1.6,100,42,99.2,1,High Stock,2026-05-16 03:34:18
34-928-2775,Coconut,Fruits & Vegetables,Browseblab,Discontinued,True,19,5.0,96,37,95.0,1,High Stock,2026-05-16 03:34:18
53-080-8252,Sourdough Bread,Bakery,Thoughtstorm,Discontinued,True,30,4.5,32,83,135.0,1,High Stock,2026-05-16 03:34:18
49-526-7806,Kale,Fruits & Vegetables,Yodoo,Active,False,77,4.0,48,43,308.0,0,Premium Stock,2026-05-16 03:34:18
31-157-1822,Ricotta Cheese,Dairy,Kwideo,Discontinued,False,96,6.1,94,49,585.5999999999999,0,Premium Stock,2026-05-16 03:34:18
91-426-3204,Haddock,Seafood,Geba,Backordered,True,67,9.0,76,34,603.0,0,Premium Stock,2026-05-16 03:34:18
93-813-2419,Digestive Biscuit,Bakery,Dynabox,Active,False,39,4.0,98,12,156.0,1,High Stock,2026-05-16 03:34:18
52-123-8039,Pomegranate,Fruits & Vegetables,Browsebug,Backordered,True,43,6.0,78,73,258.0,1,High Stock,2026-05-16 03:34:18
26-161-6692,Zucchini,Fruits & Vegetables,Kare,Discontinued,True,61,2.5,79,84,152.5,1,High Stock,2026-05-16 03:34:18
44-368-7112,Corn Oil,Oils & Fats,Devbug,Discontinued,True,28,2.5,32,49,70.0,1,High Stock,2026-05-16 03:34:18
01-820-5784,Egg (Duck),Dairy,Skipfire,Active,False,63,1.0,23,18,63.0,1,High Stock,2026-05-16 03:34:18
95-262-6208,Black Tea,Beverages,Devshare,Discontinued,True,19,5.0,72,84,95.0,1,High Stock,2026-05-16 03:34:18
37-248-6266,Pear,Fruits & Vegetables,Youspan,Backordered,False,84,4.5,64,32,378.0,0,Premium Stock,2026-05-16 03:34:18
43-851-9440,Lime,Fruits & Vegetables,Camido,Backordered,True,14,1.9,100,84,26.6,1,High Stock,2026-05-16 03:34:18
11-053-0107,Cherry,Fruits & Vegetables,Rooxo,Active,False,30,8.0,42,76,240.0,0,Premium Stock,2026-05-16 03:34:18
28-608-0039,Lemon,Fruits & Vegetables,Avavee,Backordered,False,63,2.5,33,31,157.5,1,High Stock,2026-05-16 03:34:18
86-273-9377,White Rice,Grains & Pulses,Eimbee,Discontinued,True,18,1.8,64,34,32.4,1,High Stock,2026-05-16 03:34:18
35-353-4068,Bread Flour,Grains & Pulses,Jetpulse,Discontinued,False,64,1.5,33,83,96.0,1,High Stock,2026-05-16 03:34:18
02-974-8526,Onion,Fruits & Vegetables,Mudo,Backordered,False,74,2.0,97,24,148.0,1,High Stock,2026-05-16 03:34:18
95-252-9619,Carrot,Fruits & Vegetables,Skynoodle,Backordered,False,92,1.6,30,41,147.20000000000002,1,High Stock,2026-05-16 03:34:18
08-495-6853,Heavy Cream,Dairy,Yadel,Active,False,74,4.0,65,96,296.0,0,Premium Stock,2026-05-16 03:34:18
83-556-0996,Powdered Sugar,Grains & Pulses,Jabberstorm,Active,False,88,2.4,95,63,211.2,1,High Stock,2026-05-16 03:34:18
95-449-1286,Egg (Chicken),Dairy,Realfire,Backordered,True,10,0.2,100,63,2.0,1,High Stock,2026-05-16 03:34:18
09-618-2842,White Sugar,Grains & Pulses,Yambee,Discontinued,True,38,2.0,52,47,76.0,1,High Stock,2026-05-16 03:34:18
17-265-1899,Orange,Fruits & Vegetables,Demimbu,Backordered,False,81,3.0,86,71,243.0,1,High Stock,2026-05-16 03:34:18
06-336-5482,Sardines,Seafood,Voolia,Discontinued,False,89,6.0,60,2,534.0,0,Premium Stock,2026-05-16 03:34:18
20-283-0111,Pear,Fruits & Vegetables,Cogidoo,Active,False,58,4.45,62,89,258.1,1,High Stock,2026-05-16 03:34:18
77-937-1108,White Sugar,Grains & Pulses,Twimm,Active,True,39,2.0,73,88,78.0,1,High Stock,2026-05-16 03:34:18
07-337-9889,Cauliflower,Fruits & Vegetables,Twitterwire,Active,False,95,2.5,49,77,237.5,1,High Stock,2026-05-16 03:34:18
81-578-7404,Gouda Cheese,Dairy,Rhyloo,Active,True,67,7.0,73,36,469.0,0,Premium Stock,2026-05-16 03:34:18
90-303-1821,Onion,Fruits & Vegetables,Edgewire,Backordered,False,50,2.0,30,57,100.0,1,High Stock,2026-05-16 03:34:18
42-495-7698,Sushi Rice,Grains & Pulses,Latz,Backordered,True,10,4.3,29,72,43.0,1,High Stock,2026-05-16 03:34:18
57-101-0060,Whole Wheat Flour,Grains & Pulses,Topicstorm,Backordered,True,59,2.75,32,56,162.25,1,High Stock,2026-05-16 03:34:18
99-561-4871,Haddock,Seafood,Buzzdog,Active,True,17,9.0,100,63,153.0,1,High Stock,2026-05-16 03:34:18
40-126-0515,Carrot,Fruits & Vegetables,Gigashots,Active,False,74,1.5,91,18,111.0,1,High Stock,2026-05-16 03:34:18
19-377-5021,Mackerel,Seafood,Skynoodle,Backordered,True,91,7.5,90,75,682.5,0,Premium Stock,2026-05-16 03:34:18
82-711-0772,Egg (Goose),Dairy,Skyble,Active,False,72,2.4,36,14,172.79999999999998,1,High Stock,2026-05-16 03:34:18
55-803-3964,Bread Flour,Grains & Pulses,Demizz,Backordered,True,25,1.5,31,41,37.5,1,High Stock,2026-05-16 03:34:18
13-888-0149,Lime,Fruits & Vegetables,Shufflebeat,Active,False,75,2.0,32,92,150.0,1,High Stock,2026-05-16 03:34:18
51-273-4240,Multigrain Bread,Bakery,Devpulse,Discontinued,False,85,3.5,30,42,297.5,0,Premium Stock,2026-05-16 03:34:18
23-395-3157,Vegetable Oil,Oils & Fats,Tagtune,Backordered,True,41,2.0,55,74,82.0,1,High Stock,2026-05-16 03:34:18
03-149-9760,Whipped Cream,Dairy,Yotz,Discontinued,True,92,4.0,43,90,368.0,0,Premium Stock,2026-05-16 03:34:18
02-895-7781,Coconut Sugar,Grains & Pulses,Tagchat,Discontinued,True,51,5.0,21,13,255.0,1,High Stock,2026-05-16 03:34:18
95-354-8583,Long Grain Rice,Grains & Pulses,Meevee,Active,False,98,1.5,30,53,147.0,1,High Stock,2026-05-16 03:34:18
70-534-7796,Zucchini,Fruits & Vegetables,Babblestorm,Backordered,False,43,2.5,22,25,107.5,1,High Stock,2026-05-16 03:34:18
72-066-4597,Broccoli,Fruits & Vegetables,Zoovu,Active,True,31,4.0,69,77,124.0,1,High Stock,2026-05-16 03:34:18
79-884-8810,Cucumber,Fruits & Vegetables,Dabtype,Backordered,True,12,1.75,45,12,21.0,1,High Stock,2026-05-16 03:34:18
08-703-1382,Peach,Fruits & Vegetables,Wikizz,Backordered,True,40,4.0,70,20,160.0,1,High Stock,2026-05-16 03:34:18
39-315-3936,Heavy Cream,Dairy,Yata,Backordered,True,57,4.0,23,4,228.0,1,High Stock,2026-05-16 03:34:18
06-690-2335,Jasmine Rice,Grains & Pulses,Jabbertype,Discontinued,False,24,4.75,35,4,114.0,1,High Stock,2026-05-16 03:34:18
43-153-8268,Vegetable Oil,Oils & Fats,Abata,Backordered,False,75,2.0,79,69,150.0,1,High Stock,2026-05-16 03:34:18
44-634-8292,Whole Wheat Flour,Grains & Pulses,Quatz,Active,True,60,2.75,51,6,165.0,1,High Stock,2026-05-16 03:34:18
96-774-0457,Cod,Seafood,Izio,Discontinued,False,56,8.0,99,5,448.0,0,Premium Stock,2026-05-16 03:34:18
63-918-8253,Mango,Fruits & Vegetables,Devpulse,Backordered,True,53,5.0,41,84,265.0,1,High Stock,2026-05-16 03:34:18
77-312-6317,Spinach,Fruits & Vegetables,Abatz,Discontinued,False,41,2.4,59,4,98.4,1,High Stock,2026-05-16 03:34:18
21-693-8216,Corn Oil,Oils & Fats,Twinte,Active,True,70,2.5,34,3,175.0,1,High Stock,2026-05-16 03:34:18
74-430-8245,Peach,Fruits & Vegetables,Ainyx,Backordered,True,73,4.0,75,19,292.0,1,High Stock,2026-05-16 03:34:18
39-449-0772,Feta Cheese,Dairy,Youfeed,Backordered,False,94,7.0,20,24,658.0,0,Premium Stock,2026-05-16 03:34:18
51-312-8608,Cheddar Cheese,Dairy,Jabbersphere,Active,False,68,8.9,79,46,605.2,0,Premium Stock,2026-05-16 03:34:18
89-543-3456,Blueberries,Fruits & Vegetables,Jaloo,Active,False,66,10.0,24,61,660.0,0,Premium Stock,2026-05-16 03:34:18
39-768-8205,Egg (Turkey),Dairy,Gigabox,Backordered,True,56,2.5,82,100,140.0,1,High Stock,2026-05-16 03:34:18
95-130-9020,Heavy Cream,Dairy,Youbridge,Active,False,82,4.1,69,93,336.2,0,Premium Stock,2026-05-16 03:34:18
02-575-1980,Plum,Fruits & Vegetables,Yambee,Active,True,11,4.0,99,94,44.0,1,High Stock,2026-05-16 03:34:18
22-895-6595,Rice Flour,Grains & Pulses,Topicblab,Active,True,31,2.0,38,23,62.0,1,High Stock,2026-05-16 03:34:18
85-207-4164,Eggplant,Fruits & Vegetables,Tanoodle,Backordered,False,97,3.0,29,59,291.0,0,Premium Stock,2026-05-16 03:34:18
57-903-6434,Tomato,Fruits & Vegetables,Shuffledrive,Active,True,44,2.5,82,51,110.0,1,High Stock,2026-05-16 03:34:18
80-227-6886,Garlic,Fruits & Vegetables,Layo,Active,False,33,7.0,46,92,231.0,1,High Stock,2026-05-16 03:34:18
29-592-7315,Arborio Rice,Grains & Pulses,Dabtype,Active,False,56,4.5,61,73,252.0,1,High Stock,2026-05-16 03:34:18
86-257-4613,Jasmine Rice,Grains & Pulses,Kwilith,Discontinued,False,44,4.75,63,59,209.0,1,High Stock,2026-05-16 03:34:18
79-350-5841,Jasmine Rice,Grains & Pulses,Gabvine,Discontinued,True,33,4.75,93,19,156.75,1,High Stock,2026-05-16 03:34:18
22-329-7791,Watermelon,Fruits & Vegetables,Eidel,Discontinued,False,53,3.0,24,77,159.0,1,High Stock,2026-05-16 03:34:18
10-854-5467,Canola Oil,Oils & Fats,Realcube,Discontinued,False,96,2.3,61,4,220.8,1,High Stock,2026-05-16 03:34:18
70-612-2531,Pineapple,Fruits & Vegetables,Flipbug,Discontinued,False,48,3.45,51,50,165.60000000000002,1,High Stock,2026-05-16 03:34:18
71-516-1996,Corn Oil,Oils & Fats,Tagfeed,Active,False,96,2.5,67,13,240.0,1,High Stock,2026-05-16 03:34:18
71-999-2404,Mango,Fruits & Vegetables,Meezzy,Active,False,58,4.7,85,63,272.6,1,High Stock,2026-05-16 03:34:18
29-875-6900,Papaya,Fruits & Vegetables,Avaveo,Discontinued,False,45,4.5,35,16,202.5,1,High Stock,2026-05-16 03:34:18
74-562-7431,Vanilla Biscuit,Bakery,Linkbridge,Backordered,False,94,5.5,74,70,517.0,0,Premium Stock,2026-05-16 03:34:18
95-357-2870,Arborio Rice,Grains & Pulses,Talane,Discontinued,False,86,4.5,22,67,387.0,0,Premium Stock,2026-05-16 03:34:18
04-277-5245,Coconut Sugar,Grains & Pulses,Bubblebox,Backordered,True,20,5.0,71,26,100.0,1,High Stock,2026-05-16 03:34:18
91-105-7317,Orange,Fruits & Vegetables,Devshare,Discontinued,False,85,3.0,95,72,255.0,1,High Stock,2026-05-16 03:34:18
37-246-0018,Broccoli,Fruits & Vegetables,Skilith,Discontinued,True,30,4.0,61,3,120.0,1,High Stock,2026-05-16 03:34:18
27-474-0056,Spinach,Fruits & Vegetables,Feedfish,Backordered,False,23,2.5,95,24,57.5,1,High Stock,2026-05-16 03:34:18
12-439-8428,Eggplant,Fruits & Vegetables,Ainyx,Backordered,False,17,3.0,49,17,51.0,1,High Stock,2026-05-16 03:34:18
56-657-4387,White Bread,Bakery,Meevee,Backordered,True,61,2.5,51,48,152.5,1,High Stock,2026-05-16 03:34:18
91-290-9062,Digestive Biscuit,Bakery,Zoonder,Backordered,False,29,4.0,80,85,116.0,1,High Stock,2026-05-16 03:34:18
06-503-5891,Egg (Goose),Dairy,Babblestorm,Backordered,False,40,2.45,76,70,98.0,1,High Stock,2026-05-16 03:34:18
37-064-7275,Robusta Coffee,Beverages,Skiptube,Discontinued,True,20,10.0,72,28,200.0,0,Premium Stock,2026-05-16 03:34:18
21-993-5632,Watermelon,Fruits & Vegetables,Innotype,Active,True,51,3.0,23,17,153.0,1,High Stock,2026-05-16 03:34:18
05-720-8792,Carrot,Fruits & Vegetables,Linkbridge,Active,True,80,1.5,81,74,120.0,1,High Stock,2026-05-16 03:34:18
61-680-9496,Apple,Fruits & Vegetables,Wikido,Discontinued,False,17,3.5,36,64,59.5,1,High Stock,2026-05-16 03:34:18
36-636-4873,Black Rice,Grains & Pulses,Wikivu,Active,True,86,6.1,80,94,524.6,0,Premium Stock,2026-05-16 03:34:18
45-992-5653,Whole Wheat Flour,Grains & Pulses,Jaxworks,Backordered,False,82,2.75,26,1,225.5,1,High Stock,2026-05-16 03:34:18
76-459-2392,Palm Oil,Oils & Fats,Fivebridge,Backordered,False,74,1.8,31,34,133.20000000000002,1,High Stock,2026-05-16 03:34:18
92-791-0606,Short Grain Rice,Grains & Pulses,Photobean,Discontinued,True,18,3.0,61,78,54.0,1,High Stock,2026-05-16 03:34:18
87-199-2743,Papaya,Fruits & Vegetables,Demivee,Active,True,59,4.5,63,69,265.5,1,High Stock,2026-05-16 03:34:18
04-038-1547,Rye Bread,Bakery,Realblab,Discontinued,False,48,2.8,27,1,134.39999999999998,1,High Stock,2026-05-16 03:34:18
83-917-7384,Garlic,Fruits & Vegetables,Tavu,Discontinued,True,76,7.0,52,82,532.0,0,Premium Stock,2026-05-16 03:34:18
94-525-6925,Rye Bread,Bakery,Kwilith,Discontinued,True,50,3.0,70,100,150.0,1,High Stock,2026-05-16 03:34:18
13-798-3397,Egg (Turkey),Dairy,Twimm,Active,False,86,2.5,34,66,215.0,1,High Stock,2026-05-16 03:34:18
69-834-2874,Oatmeal Biscuit,Bakery,Skajo,Discontinued,True,28,5.0,28,30,140.0,1,High Stock,2026-05-16 03:34:18
60-343-3288,Tilapia,Seafood,Vipe,Backordered,True,85,6.7,54,85,569.5,0,Premium Stock,2026-05-16 03:34:18
21-650-9319,White Bread,Bakery,Jazzy,Backordered,True,42,2.5,67,94,105.0,1,High Stock,2026-05-16 03:34:18
14-550-2152,Green Tea,Beverages,Livepath,Active,False,51,7.6,96,26,387.6,0,Premium Stock,2026-05-16 03:34:18
61-582-7399,Apricot,Fruits & Vegetables,Topiczoom,Discontinued,True,73,5.0,87,10,365.0,0,Premium Stock,2026-05-16 03:34:18
28-107-4953,Chocolate Biscuit,Bakery,Babbleblab,Discontinued,False,53,5.0,82,56,265.0,1,High Stock,2026-05-16 03:34:18
53-050-8242,Mackerel,Seafood,Yodoo,Backordered,False,82,7.5,66,14,615.0,0,Premium Stock,2026-05-16 03:34:18
88-586-8797,Grapes,Fruits & Vegetables,Edgewire,Active,False,98,5.5,59,19,539.0,0,Premium Stock,2026-05-16 03:34:18
04-001-1793,Green Coffee,Beverages,Oozz,Backordered,False,43,12.0,88,65,516.0,0,Premium Stock,2026-05-16 03:34:18
10-137-9759,Watermelon,Fruits & Vegetables,Trupe,Backordered,False,90,3.0,82,84,270.0,1,High Stock,2026-05-16 03:34:18
96-682-8546,Egg (Chicken),Dairy,Kaymbo,Backordered,False,70,0.2,62,55,14.0,1,High Stock,2026-05-16 03:34:18
07-617-6934,Coconut Sugar,Grains & Pulses,Feedfire,Active,False,91,5.0,48,18,455.0,0,Premium Stock,2026-05-16 03:34:18
43-164-5984,Butter,Dairy,Shuffletag,Discontinued,True,36,2.9,26,41,104.4,1,High Stock,2026-05-16 03:34:18
07-074-1196,Plum,Fruits & Vegetables,Skajo,Backordered,True,11,3.9,40,5,42.9,1,High Stock,2026-05-16 03:34:18
05-193-8096,Grapes,Fruits & Vegetables,Rhynoodle,Backordered,False,82,5.5,39,18,451.0,0,Premium Stock,2026-05-16 03:34:18
92-837-8839,Vegetable Oil,Oils & Fats,Yoveo,Discontinued,True,23,2.0,63,23,46.0,1,High Stock,2026-05-16 03:34:18
60-343-7973,Multigrain Bread,Bakery,Zoombox,Backordered,True,56,3.2,67,56,179.20000000000002,1,High Stock,2026-05-16 03:34:18
76-264-0748,Eggplant,Fruits & Vegetables,Roombo,Active,False,47,3.0,39,54,141.0,1,High Stock,2026-05-16 03:34:18
67-130-4114,Bell Pepper,Fruits & Vegetables,Devcast,Backordered,False,84,4.5,46,67,378.0,0,Premium Stock,2026-05-16 03:34:18
99-961-0767,Heavy Cream,Dairy,Tambee,Active,False,85,4.0,95,63,340.0,0,Premium Stock,2026-05-16 03:34:18
83-573-4586,Sesame Oil,Oils & Fats,Thoughtbeat,Backordered,True,77,6.5,29,46,500.5,0,Premium Stock,2026-05-16 03:34:18
80-698-0324,Butter Biscuit,Bakery,Bluejam,Active,False,84,6.0,51,12,504.0,0,Premium Stock,2026-05-16 03:34:18
15-846-7959,Zucchini,Fruits & Vegetables,Vidoo,Discontinued,False,98,2.5,48,38,245.0,1,High Stock,2026-05-16 03:34:18
98-148-0940,Egg (Chicken),Dairy,Babblestorm,Active,False,63,0.2,67,17,12.6,1,High Stock,2026-05-16 03:34:18
76-325-9093,Sesame Oil,Oils & Fats,Feedbug,Discontinued,True,27,6.5,29,32,175.5,1,High Stock,2026-05-16 03:34:18
10-034-7654,Bread Flour,Grains & Pulses,Zava,Backordered,True,70,1.5,27,58,105.0,1,High Stock,2026-05-16 03:34:18
21-633-8696,Coconut Sugar,Grains & Pulses,Topiclounge,Discontinued,True,49,5.0,93,45,245.0,1,High Stock,2026-05-16 03:34:18
74-181-4135,Egg (Chicken),Dairy,Meembee,Discontinued,False,22,0.2,88,24,4.4,1,High Stock,2026-05-16 03:34:18
98-064-4465,Mozzarella Cheese,Dairy,Feedfire,Active,False,96,7.0,72,84,672.0,0,Premium Stock,2026-05-16 03:34:18
41-475-5305,Rye Bread,Bakery,Kwideo,Backordered,False,61,3.0,71,97,183.0,1,High Stock,2026-05-16 03:34:18
80-988-4653,Zucchini,Fruits & Vegetables,Livetube,Discontinued,True,43,2.5,66,65,107.5,1,High Stock,2026-05-16 03:34:18
51-583-6029,Digestive Biscuit,Bakery,Kanoodle,Active,True,38,4.0,72,64,152.0,1,High Stock,2026-05-16 03:34:18
63-270-7076,Multigrain Bread,Bakery,Roombo,Backordered,False,65,3.5,32,70,227.5,1,High Stock,2026-05-16 03:34:18
70-149-6756,Heavy Cream,Dairy,Skynoodle,Discontinued,True,14,4.2,28,45,58.8,1,High Stock,2026-05-16 03:34:18
98-909-9395,Cottage Cheese,Dairy,Feedfire,Backordered,True,67,5.0,35,98,335.0,0,Premium Stock,2026-05-16 03:34:18
35-621-2546,Swiss Cheese,Dairy,Skiptube,Discontinued,True,85,8.0,68,93,680.0,0,Premium Stock,2026-05-16 03:34:18
01-703-8441,Raw Sugar,Grains & Pulses,Cogilith,Backordered,False,100,1.5,76,38,150.0,1,High Stock,2026-05-16 03:34:18
61-796-6540,Ricotta Cheese,Dairy,Fliptune,Discontinued,False,88,6.0,23,39,528.0,0,Premium Stock,2026-05-16 03:34:18
16-354-8122,Digestive Biscuit,Bakery,BlogXS,Backordered,True,97,4.0,57,42,388.0,0,Premium Stock,2026-05-16 03:34:18
67-512-9754,Egg (Turkey),Dairy,DabZ,Discontinued,True,19,2.5,66,28,47.5,1,High Stock,2026-05-16 03:34:18
11-316-8405,Mango,Fruits & Vegetables,Twitternation,Discontinued,True,24,5.0,39,15,120.0,1,High Stock,2026-05-16 03:34:18
36-372-2295,Basmati Rice,Grains & Pulses,Skimia,Backordered,False,55,4.45,37,4,244.75,1,High Stock,2026-05-16 03:34:18
84-075-7647,Canola Oil,Oils & Fats,Mydeo,Discontinued,False,91,2.3,43,45,209.3,1,High Stock,2026-05-16 03:34:18
08-226-5155,Bell Pepper,Fruits & Vegetables,Zava,Backordered,True,49,4.5,52,31,220.5,1,High Stock,2026-05-16 03:34:18
46-496-2930,Pomegranate,Fruits & Vegetables,Eare,Backordered,False,66,6.0,85,6,396.0,0,Premium Stock,2026-05-16 03:34:18
00-215-7434,Egg (Goose),Dairy,Quatz,Backordered,True,14,2.5,59,63,35.0,1,High Stock,2026-05-16 03:34:18
12-828-1063,Mozzarella Cheese,Dairy,Buzzdog,Discontinued,True,36,7.1,27,67,255.6,0,Premium Stock,2026-05-16 03:34:18
48-770-6319,Egg (Duck),Dairy,Fivebridge,Backordered,False,52,1.0,77,16,52.0,1,High Stock,2026-05-16 03:34:18
44-305-1866,Butter,Dairy,Jayo,Discontinued,True,48,3.0,95,3,144.0,1,High Stock,2026-05-16 03:34:18
97-283-4840,Palm Oil,Oils & Fats,Browsetype,Backordered,False,58,1.8,82,61,104.4,1,High Stock,2026-05-16 03:34:18
35-328-8392,Long Grain Rice,Grains & Pulses,Ainyx,Backordered,False,39,1.45,20,70,56.55,1,High Stock,2026-05-16 03:34:18
43-693-2092,Butter,Dairy,Kayveo,Discontinued,True,51,3.0,40,21,153.0,1,High Stock,2026-05-16 03:34:18
47-802-5023,Cod,Seafood,Buzzster,Active,True,16,8.0,81,62,128.0,1,High Stock,2026-05-16 03:34:18
98-556-5323,Pomegranate,Fruits & Vegetables,Dynabox,Active,True,60,6.0,96,50,360.0,0,Premium Stock,2026-05-16 03:34:18
14-521-4167,Buttermilk,Dairy,Vinder,Discontinued,False,47,2.5,48,36,117.5,1,High Stock,2026-05-16 03:34:18
61-607-7622,Egg (Duck),Dairy,Zoonoodle,Discontinued,True,23,1.0,84,78,23.0,1,High Stock,2026-05-16 03:34:18
06-849-4869,Sesame Oil,Oils & Fats,Rhycero,Discontinued,False,85,6.5,46,24,552.5,0,Premium Stock,2026-05-16 03:34:18
41-526-4036,Whipped Cream,Dairy,Flashset,Backordered,False,55,4.0,69,48,220.0,1,High Stock,2026-05-16 03:34:18
49-570-8214,Sour Cream,Dairy,Realblab,Backordered,False,81,4.0,68,100,324.0,0,Premium Stock,2026-05-16 03:34:18
85-561-4694,Kiwi,Fruits & Vegetables,Tazz,Discontinued,False,28,6.0,70,30,168.0,1,High Stock,2026-05-16 03:34:18
26-629-5920,Rye Bread,Bakery,Jetwire,Active,False,99,3.0,49,9,297.0,0,Premium Stock,2026-05-16 03:34:18
75-029-9003,Sourdough Bread,Bakery,Eadel,Discontinued,True,34,4.0,28,23,136.0,1,High Stock,2026-05-16 03:34:18
79-428-8753,Cabbage,Fruits & Vegetables,Skivee,Active,True,62,1.0,34,12,62.0,1,High Stock,2026-05-16 03:34:18
34-369-7712,Apricot,Fruits & Vegetables,Fivebridge,Discontinued,True,55,5.0,23,47,275.0,0,Premium Stock,2026-05-16 03:34:18
22-141-9798,White Sugar,Grains & Pulses,Photobean,Backordered,False,47,2.0,29,20,94.0,1,High Stock,2026-05-16 03:34:18
38-924-3007,Peas,Fruits & Vegetables,Photolist,Backordered,True,12,3.0,46,88,36.0,1,High Stock,2026-05-16 03:34:18
70-005-5970,Apple,Fruits & Vegetables,Skaboo,Discontinued,False,84,3.5,66,84,294.0,0,Premium Stock,2026-05-16 03:34:18
19-021-5024,Broccoli,Fruits & Vegetables,Rhyzio,Active,True,47,4.0,76,29,188.0,1,High Stock,2026-05-16 03:34:18
19-047-4239,Peach,Fruits & Vegetables,Quire,Backordered,True,47,4.0,93,27,188.0,1,High Stock,2026-05-16 03:34:18
29-092-3453,Spinach,Fruits & Vegetables,Youbridge,Active,False,61,2.52,31,29,153.72,1,High Stock,2026-05-16 03:34:18
28-956-1320,Greek Yogurt,Dairy,Thoughtblab,Discontinued,False,62,3.0,50,11,186.0,1,High Stock,2026-05-16 03:34:18
88-069-5486,Cod,Seafood,Buzzshare,Active,True,31,8.0,41,10,248.0,0,Premium Stock,2026-05-16 03:34:18
97-710-2449,Rye Bread,Bakery,Tanoodle,Backordered,True,28,2.8,31,1,78.39999999999999,1,High Stock,2026-05-16 03:34:18
84-272-0790,Blueberries,Fruits & Vegetables,Eidel,Backordered,True,28,10.0,48,12,280.0,0,Premium Stock,2026-05-16 03:34:18
89-602-6755,Milk,Dairy,BlogXS,Discontinued,True,74,1.0,24,11,74.0,1,High Stock,2026-05-16 03:34:18
63-162-9244,Eggplant,Fruits & Vegetables,Vimbo,Active,True,49,3.0,37,48,147.0,1,High Stock,2026-05-16 03:34:18
49-579-4325,Ricotta Cheese,Dairy,Eadel,Discontinued,True,64,6.0,55,1,384.0,0,Premium Stock,2026-05-16 03:34:18
96-503-7712,White Bread,Bakery,Twitterbridge,Backordered,False,93,2.5,76,51,232.5,1,High Stock,2026-05-16 03:34:18
56-213-0577,Papaya,Fruits & Vegetables,Kwinu,Backordered,True,24,4.5,24,77,108.0,1,High Stock,2026-05-16 03:34:18
24-989-3302,Coconut,Fruits & Vegetables,Eazzy,Backordered,True,85,5.0,61,80,425.0,0,Premium Stock,2026-05-16 03:34:18
79-920-2395,Mushrooms,Fruits & Vegetables,Chatterpoint,Active,False,81,6.25,92,78,506.25,0,Premium Stock,2026-05-16 03:34:18
73-118-1117,Olive Oil,Oils & Fats,Layo,Discontinued,True,52,6.0,100,46,312.0,0,Premium Stock,2026-05-16 03:34:18
65-674-6076,Egg (Quail),Dairy,Ntags,Active,False,78,0.8,49,60,62.400000000000006,1,High Stock,2026-05-16 03:34:18
66-312-5511,Anchovies,Seafood,Skipfire,Discontinued,True,44,10.0,80,33,440.0,0,Premium Stock,2026-05-16 03:34:18
58-005-5343,Cucumber,Fruits & Vegetables,Youbridge,Discontinued,True,38,1.8,89,100,68.4,1,High Stock,2026-05-16 03:34:18
40-795-0753,Raw Sugar,Grains & Pulses,Mydo,Backordered,True,31,1.5,46,78,46.5,1,High Stock,2026-05-16 03:34:18
73-401-5721,Haddock,Seafood,Midel,Discontinued,False,46,9.0,65,57,414.0,0,Premium Stock,2026-05-16 03:34:18
02-170-5225,Raw Sugar,Grains & Pulses,Eabox,Discontinued,False,90,1.5,80,57,135.0,1,High Stock,2026-05-16 03:34:18
55-680-0982,Green Tea,Beverages,Jetpulse,Discontinued,True,64,8.0,25,52,512.0,0,Premium Stock,2026-05-16 03:34:18
34-538-1180,Sour Cream,Dairy,Voonder,Backordered,True,29,4.0,23,85,116.0,1,High Stock,2026-05-16 03:34:18
48-957-6116,Eggplant,Fruits & Vegetables,Topicstorm,Discontinued,True,31,3.0,46,9,93.0,1,High Stock,2026-05-16 03:34:18
32-261-0008,Heavy Cream,Dairy,Oyoyo,Discontinued,False,63,4.0,21,90,252.0,1,High Stock,2026-05-16 03:34:18
34-110-1040,Bell Pepper,Fruits & Vegetables,Leenti,Discontinued,True,75,4.5,26,68,337.5,0,Premium Stock,2026-05-16 03:34:18
74-132-5528,Cauliflower,Fruits & Vegetables,Vinder,Backordered,False,63,2.5,62,45,157.5,1,High Stock,2026-05-16 03:34:18
15-797-4824,Coconut,Fruits & Vegetables,Mudo,Backordered,False,32,5.0,38,79,160.0,1,High Stock,2026-05-16 03:34:18
76-854-0095,White Sugar,Grains & Pulses,Mydeo,Backordered,False,65,2.0,29,11,130.0,1,High Stock,2026-05-16 03:34:18
94-092-3355,Cauliflower,Fruits & Vegetables,Flashspan,Discontinued,False,57,2.5,87,88,142.5,1,High Stock,2026-05-16 03:34:18
99-194-5600,Cauliflower,Fruits & Vegetables,Tanoodle,Active,False,57,2.5,78,37,142.5,1,High Stock,2026-05-16 03:34:18
40-205-8252,Multigrain Bread,Bakery,Innojam,Backordered,False,38,3.5,45,88,133.0,1,High Stock,2026-05-16 03:34:18
69-674-5387,Yogurt,Dairy,Miboo,Discontinued,False,59,1.75,92,82,103.25,1,High Stock,2026-05-16 03:34:18
04-293-6969,Peach,Fruits & Vegetables,Linktype,Active,True,37,4.0,93,32,148.0,1,High Stock,2026-05-16 03:34:18
21-890-2826,Gouda Cheese,Dairy,Avaveo,Active,False,48,7.0,59,23,336.0,0,Premium Stock,2026-05-16 03:34:18
65-759-3721,Butter Biscuit,Bakery,Vipe,Discontinued,True,33,6.0,20,7,198.0,1,High Stock,2026-05-16 03:34:18
36-383-3677,Corn Oil,Oils & Fats,Centizu,Discontinued,True,32,2.5,52,11,80.0,1,High Stock,2026-05-16 03:34:18
84-546-7624,Cherry,Fruits & Vegetables,Gigazoom,Active,False,43,8.0,27,78,344.0,0,Premium Stock,2026-05-16 03:34:18
77-827-0820,Sesame Oil,Oils & Fats,Youopia,Active,False,97,6.5,51,51,630.5,0,Premium Stock,2026-05-16 03:34:18
93-218-8108,Heavy Cream,Dairy,Talane,Backordered,False,74,4.0,99,68,296.0,0,Premium Stock,2026-05-16 03:34:18
81-354-4203,Haddock,Seafood,Yabox,Discontinued,False,76,9.0,52,86,684.0,0,Premium Stock,2026-05-16 03:34:18
57-613-5779,Gouda Cheese,Dairy,Thoughtblab,Backordered,False,100,7.0,20,13,700.0,0,Premium Stock,2026-05-16 03:34:18
49-919-8798,Evaporated Milk,Dairy,Gigabox,Discontinued,False,64,1.9,85,42,121.6,1,High Stock,2026-05-16 03:34:18
70-542-4269,Gouda Cheese,Dairy,Gigazoom,Active,False,41,7.0,86,30,287.0,0,Premium Stock,2026-05-16 03:34:18
43-670-8544,Orange,Fruits & Vegetables,Camido,Discontinued,True,84,2.85,48,82,239.4,1,High Stock,2026-05-16 03:34:18
29-436-6570,Digestive Biscuit,Bakery,Quatz,Discontinued,False,61,4.0,73,64,244.0,1,High Stock,2026-05-16 03:34:18
10-617-7581,Peanut Oil,Oils & Fats,Devpulse,Active,False,24,4.0,98,9,96.0,1,High Stock,2026-05-16 03:34:18
26-535-4727,Tilapia,Seafood,Jamia,Backordered,False,93,7.0,72,83,651.0,0,Premium Stock,2026-05-16 03:34:18
83-966-3280,Mackerel,Seafood,Twitterworks,Backordered,False,30,7.5,80,43,225.0,1,High Stock,2026-05-16 03:34:18
21-252-1360,Corn Oil,Oils & Fats,Shuffletag,Backordered,False,75,2.5,100,54,187.5,1,High Stock,2026-05-16 03:34:18
89-922-4773,Whole Wheat Flour,Grains & Pulses,Mudo,Active,True,39,2.75,92,8,107.25,1,High Stock,2026-05-16 03:34:18
15-884-7413,Apple,Fruits & Vegetables,Geba,Discontinued,False,77,3.5,63,28,269.5,1,High Stock,2026-05-16 03:34:18
82-243-3180,Palm Oil,Oils & Fats,Zooxo,Discontinued,True,43,1.8,33,96,77.4,1,High Stock,2026-05-16 03:34:18
33-807-7247,Mozzarella Cheese,Dairy,Blogspan,Backordered,False,58,7.0,62,89,406.0,0,Premium Stock,2026-05-16 03:34:18
07-858-5487,Swiss Cheese,Dairy,Meeveo,Active,False,64,8.0,53,33,512.0,0,Premium Stock,2026-05-16 03:34:18
79-741-0770,Mushrooms,Fruits & Vegetables,Photospace,Active,True,72,6.0,94,57,432.0,0,Premium Stock,2026-05-16 03:34:18
34-086-3222,Lemon,Fruits & Vegetables,Layo,Discontinued,False,12,2.3,66,4,27.6,1,High Stock,2026-05-16 03:34:18
74-548-9313,Mango,Fruits & Vegetables,Meevee,Backordered,False,99,5.0,52,57,495.0,0,Premium Stock,2026-05-16 03:34:18
53-710-7630,Rice Flour,Grains & Pulses,Livetube,Backordered,True,25,2.0,24,76,50.0,1,High Stock,2026-05-16 03:34:18
64-119-7804,Bell Pepper,Fruits & Vegetables,Jaxbean,Backordered,False,98,4.5,86,62,441.0,0,Premium Stock,2026-05-16 03:34:18
91-553-1774,Feta Cheese,Dairy,Demivee,Active,False,80,7.0,64,53,560.0,0,Premium Stock,2026-05-16 03:34:18
63-890-1246,Oatmeal Biscuit,Bakery,Vidoo,Discontinued,False,93,5.0,76,35,465.0,0,Premium Stock,2026-05-16 03:34:18
71-954-4501,Anchovies,Seafood,Quatz,Discontinued,False,66,10.0,27,37,660.0,0,Premium Stock,2026-05-16 03:34:18
00-357-2313,Avocado Oil,Oils & Fats,Quamba,Backordered,True,10,10.0,24,52,100.0,1,High Stock,2026-05-16 03:34:18
29-756-7042,Digestive Biscuit,Bakery,Dabvine,Discontinued,False,90,4.0,63,14,360.0,0,Premium Stock,2026-05-16 03:34:18
92-551-8504,Raw Sugar,Grains & Pulses,Livepath,Backordered,True,19,1.5,39,85,28.5,1,High Stock,2026-05-16 03:34:18
61-317-9944,White Bread,Bakery,Skivee,Discontinued,False,72,2.5,87,68,180.0,1,High Stock,2026-05-16 03:34:18
03-276-3931,Mango,Fruits & Vegetables,Oyoloo,Active,False,60,4.5,26,29,270.0,1,High Stock,2026-05-16 03:34:18
02-275-6061,Potato,Fruits & Vegetables,Edgewire,Discontinued,False,26,1.2,64,79,31.2,1,High Stock,2026-05-16 03:34:18
72-970-0239,Sesame Oil,Oils & Fats,Divanoodle,Backordered,True,85,6.5,78,53,552.5,0,Premium Stock,2026-05-16 03:34:18
36-679-4670,Bell Pepper,Fruits & Vegetables,Fatz,Backordered,False,90,4.5,81,88,405.0,0,Premium Stock,2026-05-16 03:34:18
88-408-0310,Corn Oil,Oils & Fats,Flipopia,Active,False,50,2.5,28,98,125.0,1,High Stock,2026-05-16 03:34:18
57-359-3397,Garlic,Fruits & Vegetables,Twiyo,Active,False,43,7.0,95,26,301.0,0,Premium Stock,2026-05-16 03:34:18
01-050-2246,Grapes,Fruits & Vegetables,Gabspot,Discontinued,False,99,5.5,59,16,544.5,0,Premium Stock,2026-05-16 03:34:18
33-670-6797,Mackerel,Seafood,Wikido,Discontinued,True,45,7.5,35,82,337.5,0,Premium Stock,2026-05-16 03:34:18
69-578-7930,Brown Rice,Grains & Pulses,Flipbug,Discontinued,True,44,2.5,44,72,110.0,1,High Stock,2026-05-16 03:34:18
75-672-4378,Pomegranate,Fruits & Vegetables,Eare,Backordered,False,62,6.0,45,86,372.0,0,Premium Stock,2026-05-16 03:34:18
31-211-5803,Oatmeal Biscuit,Bakery,Gigazoom,Backordered,False,16,5.0,50,98,80.0,1,High Stock,2026-05-16 03:34:18
49-861-7823,Coconut,Fruits & Vegetables,Skippad,Discontinued,False,99,5.0,41,50,495.0,0,Premium Stock,2026-05-16 03:34:18
84-624-0201,Bread Flour,Grains & Pulses,Skaboo,Backordered,True,71,1.5,34,57,106.5,1,High Stock,2026-05-16 03:34:18
66-993-4234,Cucumber,Fruits & Vegetables,Gigazoom,Backordered,True,13,1.8,44,32,23.4,1,High Stock,2026-05-16 03:34:18
00-963-2193,Milk,Dairy,Thoughtsphere,Discontinued,True,43,1.0,84,75,43.0,1,High Stock,2026-05-16 03:34:18
99-420-3592,Butter Biscuit,Bakery,Quatz,Active,True,22,6.0,47,71,132.0,1,High Stock,2026-05-16 03:34:18
76-623-7844,Egg (Quail),Dairy,Vinte,Discontinued,True,29,0.8,50,35,23.200000000000003,1,High Stock,2026-05-16 03:34:18
28-008-2951,Broccoli,Fruits & Vegetables,Buzzster,Discontinued,False,95,4.0,52,46,380.0,0,Premium Stock,2026-05-16 03:34:18
45-402-0421,Swiss Cheese,Dairy,Quinu,Active,True,70,8.0,71,20,560.0,0,Premium Stock,2026-05-16 03:34:18
73-942-0508,Kale,Fruits & Vegetables,Brightbean,Backordered,True,61,4.0,76,2,244.0,1,High Stock,2026-05-16 03:34:18
22-266-9291,Sardines,Seafood,Vinder,Backordered,True,11,6.0,69,100,66.0,1,High Stock,2026-05-16 03:34:18
06-068-6793,Buttermilk,Dairy,Twitterbeat,Discontinued,True,39,2.5,46,54,97.5,1,High Stock,2026-05-16 03:34:18
58-063-8633,Bell Pepper,Fruits & Vegetables,Skimia,Discontinued,False,50,4.5,69,73,225.0,1,High Stock,2026-05-16 03:34:18
03-043-9933,Strawberries,Fruits & Vegetables,Yombu,Backordered,True,16,6.1,50,27,97.6,1,High Stock,2026-05-16 03:34:18
99-137-1730,Bread Flour,Grains & Pulses,Skyndu,Active,True,62,1.5,32,80,93.0,1,High Stock,2026-05-16 03:34:18
09-622-7119,Haddock,Seafood,Youtags,Backordered,True,30,9.0,99,3,270.0,0,Premium Stock,2026-05-16 03:34:18
95-356-1566,Grapes,Fruits & Vegetables,Rhynyx,Backordered,True,13,5.5,42,18,71.5,1,High Stock,2026-05-16 03:34:18
22-319-1377,White Sugar,Grains & Pulses,Skyba,Active,True,14,2.0,39,30,28.0,1,High Stock,2026-05-16 03:34:18
89-181-4523,Wild Rice,Grains & Pulses,Devbug,Discontinued,False,46,10.0,63,29,460.0,0,Premium Stock,2026-05-16 03:34:18
53-667-4109,Onion,Fruits & Vegetables,Voolith,Active,True,16,2.0,22,46,32.0,1,High Stock,2026-05-16 03:34:18
14-489-8669,All-Purpose Flour,Grains & Pulses,Wikibox,Discontinued,True,54,1.75,77,56,94.5,1,High Stock,2026-05-16 03:34:18
26-031-8070,Vegetable Oil,Oils & Fats,Trudeo,Backordered,True,57,2.0,89,21,114.0,1,High Stock,2026-05-16 03:34:18
47-221-2470,Pomegranate,Fruits & Vegetables,Teklist,Active,True,17,6.0,37,16,102.0,1,High Stock,2026-05-16 03:34:18
67-382-4435,Green Beans,Fruits & Vegetables,Fivespan,Active,False,99,2.1,46,46,207.9,1,High Stock,2026-05-16 03:34:18
94-029-2717,Broccoli,Fruits & Vegetables,Jetpulse,Discontinued,False,40,4.0,86,12,160.0,1,High Stock,2026-05-16 03:34:18
47-866-6589,Egg (Duck),Dairy,Dynazzy,Discontinued,True,41,1.0,30,100,41.0,1,High Stock,2026-05-16 03:34:18
94-355-3070,Tilapia,Seafood,Jabbercube,Discontinued,True,14,6.8,64,17,95.2,1,High Stock,2026-05-16 03:34:18
82-342-7339,Vanilla Biscuit,Bakery,Yozio,Backordered,False,80,5.5,63,75,440.0,0,Premium Stock,2026-05-16 03:34:18
67-248-6306,Cauliflower,Fruits & Vegetables,Avamm,Active,False,77,2.5,64,73,192.5,1,High Stock,2026-05-16 03:34:18
68-973-8812,Sweet Potato,Fruits & Vegetables,Yodo,Discontinued,True,44,2.0,89,64,88.0,1,High Stock,2026-05-16 03:34:18
11-325-7396,Mango,Fruits & Vegetables,Skipfire,Discontinued,False,92,5.0,24,75,460.0,0,Premium Stock,2026-05-16 03:34:18
68-761-6907,Zucchini,Fruits & Vegetables,Brainverse,Discontinued,False,26,2.5,57,86,65.0,1,High Stock,2026-05-16 03:34:18
62-509-0666,Almond Flour,Grains & Pulses,Brainverse,Backordered,True,13,9.5,24,21,123.5,1,High Stock,2026-05-16 03:34:18
44-476-0390,Lemon,Fruits & Vegetables,Flashspan,Active,True,90,2.5,71,13,225.0,1,High Stock,2026-05-16 03:34:18
08-213-2058,Sour Cream,Dairy,Babblestorm,Active,True,43,4.0,59,65,172.0,1,High Stock,2026-05-16 03:34:18
35-529-2933,Broccoli,Fruits & Vegetables,Jabbersphere,Discontinued,False,85,4.0,85,44,340.0,0,Premium Stock,2026-05-16 03:34:18
24-364-3341,Egg (Turkey),Dairy,Topiclounge,Discontinued,True,44,2.5,51,67,110.0,1,High Stock,2026-05-16 03:34:18
65-644-1394,Pear,Fruits & Vegetables,Lazz,Active,True,26,4.5,92,14,117.0,1,High Stock,2026-05-16 03:34:18
88-401-3700,Cauliflower,Fruits & Vegetables,Jabberstorm,Discontinued,False,86,2.5,30,6,215.0,1,High Stock,2026-05-16 03:34:18
47-441-7682,Digestive Biscuit,Bakery,Vimbo,Discontinued,True,40,4.0,28,47,160.0,1,High Stock,2026-05-16 03:34:18
68-977-2498,Grapes,Fruits & Vegetables,Skinix,Backordered,True,88,5.5,93,99,484.0,0,Premium Stock,2026-05-16 03:34:18
37-567-3218,Almond Flour,Grains & Pulses,Trilia,Backordered,True,37,9.5,38,89,351.5,0,Premium Stock,2026-05-16 03:34:18
87-903-3486,Peanut Oil,Oils & Fats,Twitterbeat,Active,True,21,4.0,79,30,84.0,1,High Stock,2026-05-16 03:34:18
96-316-7600,Bell Pepper,Fruits & Vegetables,Linklinks,Discontinued,False,70,4.5,23,80,315.0,0,Premium Stock,2026-05-16 03:34:18
00-842-9790,Egg (Goose),Dairy,Oba,Backordered,True,65,2.5,66,36,162.5,1,High Stock,2026-05-16 03:34:18
96-164-0607,Coconut Oil,Oils & Fats,Browsezoom,Discontinued,False,89,5.0,91,31,445.0,0,Premium Stock,2026-05-16 03:34:18
04-240-2226,Olive Oil,Oils & Fats,Kamba,Discontinued,True,47,6.0,42,51,282.0,0,Premium Stock,2026-05-16 03:34:18
97-772-2336,Pineapple,Fruits & Vegetables,Rooxo,Discontinued,False,70,3.5,44,42,245.0,1,High Stock,2026-05-16 03:34:18
63-822-5278,Pomegranate,Fruits & Vegetables,Kamba,Backordered,True,14,6.0,86,15,84.0,1,High Stock,2026-05-16 03:34:18
19-967-0632,Short Grain Rice,Grains & Pulses,Yombu,Discontinued,True,53,3.0,44,3,159.0,1,High Stock,2026-05-16 03:34:18
28-986-8001,Pomegranate,Fruits & Vegetables,Kwideo,Active,True,65,6.0,80,26,390.0,0,Premium Stock,2026-05-16 03:34:18
44-128-2185,Jasmine Rice,Grains & Pulses,Katz,Backordered,False,98,4.75,51,23,465.5,0,Premium Stock,2026-05-16 03:34:18
84-327-7787,Egg (Chicken),Dairy,Bubblemix,Discontinued,False,83,0.2,94,68,16.6,1,High Stock,2026-05-16 03:34:18
50-364-5828,Coconut,Fruits & Vegetables,Mydo,Active,False,89,5.0,38,16,445.0,0,Premium Stock,2026-05-16 03:34:18
65-368-2479,Egg (Turkey),Dairy,Browsedrive,Active,False,23,2.4,81,8,55.2,1,High Stock,2026-05-16 03:34:18
17-253-5688,Greek Yogurt,Dairy,Shufflester,Backordered,True,39,3.0,47,59,117.0,1,High Stock,2026-05-16 03:34:18
29-205-1132,Sushi Rice,Grains & Pulses,Jaxnation,Discontinued,True,22,4.5,32,19,99.0,1,High Stock,2026-05-16 03:34:18
64-854-8664,Peanut Oil,Oils & Fats,Pixoboo,Discontinued,False,79,4.0,46,29,316.0,0,Premium Stock,2026-05-16 03:34:18
66-627-9752,Trout,Seafood,Jabbertype,Active,True,49,12.0,52,62,588.0,0,Premium Stock,2026-05-16 03:34:18
62-795-7801,Palm Oil,Oils & Fats,Buzzshare,Backordered,True,35,1.8,62,14,63.0,1,High Stock,2026-05-16 03:34:18
40-683-0283,White Sugar,Grains & Pulses,Topicshots,Active,True,27,2.0,57,4,54.0,1,High Stock,2026-05-16 03:34:18
87-423-8486,Powdered Sugar,Grains & Pulses,Mybuzz,Discontinued,False,63,2.5,40,69,157.5,1,High Stock,2026-05-16 03:34:18
16-499-5059,Pear,Fruits & Vegetables,Centizu,Discontinued,False,77,4.5,61,62,346.5,0,Premium Stock,2026-05-16 03:34:18
05-334-2923,Bread Flour,Grains & Pulses,Browsezoom,Discontinued,True,14,1.5,37,22,21.0,1,High Stock,2026-05-16 03:34:18
74-845-3299,Green Tea,Beverages,Oyoyo,Active,True,63,8.0,93,99,504.0,0,Premium Stock,2026-05-16 03:34:18
10-249-7928,Black Rice,Grains & Pulses,Voomm,Backordered,False,85,6.5,95,70,552.5,0,Premium Stock,2026-05-16 03:34:18
08-725-8156,Tilapia,Seafood,Flipopia,Active,False,59,7.0,57,50,413.0,0,Premium Stock,2026-05-16 03:34:18
41-240-8856,Haddock,Seafood,Snaptags,Discontinued,False,79,9.0,45,95,711.0,0,Premium Stock,2026-05-16 03:34:18
13-980-8804,Sweet Potato,Fruits & Vegetables,Photospace,Backordered,False,100,2.0,98,91,200.0,1,High Stock,2026-05-16 03:34:18
68-977-6854,Apricot,Fruits & Vegetables,Blognation,Backordered,False,90,5.0,76,69,450.0,0,Premium Stock,2026-05-16 03:34:18
90-773-9557,Butter,Dairy,Npath,Active,False,85,3.0,45,89,255.0,1,High Stock,2026-05-16 03:34:18
89-328-9019,Bread Flour,Grains & Pulses,Jazzy,Active,False,63,1.5,55,72,94.5,1,High Stock,2026-05-16 03:34:18
59-075-2457,Egg (Goose),Dairy,Dynava,Discontinued,False,97,2.5,33,58,242.5,1,High Stock,2026-05-16 03:34:18
31-627-6025,White Bread,Bakery,Ozu,Backordered,True,56,2.5,56,73,140.0,1,High Stock,2026-05-16 03:34:18
28-824-9017,Trout,Seafood,Flipbug,Discontinued,True,19,11.5,96,74,218.5,0,Premium Stock,2026-05-16 03:34:18
06-858-5680,Sesame Oil,Oils & Fats,Miboo,Discontinued,True,15,6.5,49,96,97.5,1,High Stock,2026-05-16 03:34:18
38-732-7667,Pineapple,Fruits & Vegetables,Photojam,Backordered,True,18,3.5,42,32,63.0,1,High Stock,2026-05-16 03:34:18
85-237-3505,Green Tea,Beverages,Thoughtsphere,Discontinued,False,88,8.0,78,28,704.0,0,Premium Stock,2026-05-16 03:34:18
73-117-6105,Brown Rice,Grains & Pulses,Skipfire,Discontinued,True,44,2.5,67,79,110.0,1,High Stock,2026-05-16 03:34:18
46-436-5351,Green Tea,Beverages,Fiveclub,Active,False,80,8.5,81,37,680.0,0,Premium Stock,2026-05-16 03:34:18
56-303-5256,Wild Rice,Grains & Pulses,Babbleopia,Active,False,58,10.0,75,26,580.0,0,Premium Stock,2026-05-16 03:34:18
57-394-1587,Bread Flour,Grains & Pulses,Roomm,Discontinued,True,57,1.5,53,94,85.5,1,High Stock,2026-05-16 03:34:18
51-934-9117,Sardines,Seafood,Linklinks,Active,True,30,6.0,56,31,180.0,1,High Stock,2026-05-16 03:34:18
77-377-1659,Almond Flour,Grains & Pulses,Thoughtblab,Active,False,74,9.5,24,12,703.0,0,Premium Stock,2026-05-16 03:34:18
27-262-2437,Swiss Cheese,Dairy,Skidoo,Active,False,80,8.1,54,62,648.0,0,Premium Stock,2026-05-16 03:34:18
71-085-4290,Cucumber,Fruits & Vegetables,Eire,Active,True,31,1.8,91,29,55.8,1,High Stock,2026-05-16 03:34:18
87-675-1506,Strawberries,Fruits & Vegetables,Skalith,Discontinued,True,31,5.9,46,54,182.9,1,High Stock,2026-05-16 03:34:18
77-224-2227,Almond Flour,Grains & Pulses,Eimbee,Backordered,False,75,9.5,43,77,712.5,0,Premium Stock,2026-05-16 03:34:18
94-658-4945,Sweet Potato,Fruits & Vegetables,Skibox,Backordered,False,65,2.0,71,61,130.0,1,High Stock,2026-05-16 03:34:18
15-562-3712,Cauliflower,Fruits & Vegetables,Yakitri,Discontinued,True,33,2.5,90,52,82.5,1,High Stock,2026-05-16 03:34:18
98-546-7398,Yogurt,Dairy,Thoughtworks,Backordered,False,80,1.75,41,43,140.0,1,High Stock,2026-05-16 03:34:18
36-177-0573,Egg (Turkey),Dairy,Oyondu,Discontinued,False,92,2.5,78,36,230.0,1,High Stock,2026-05-16 03:34:18
39-358-3340,Basmati Rice,Grains & Pulses,Yamia,Discontinued,False,71,4.5,60,63,319.5,0,Premium Stock,2026-05-16 03:34:18
11-733-1756,Rice Flour,Grains & Pulses,Mynte,Backordered,True,52,2.0,95,88,104.0,1,High Stock,2026-05-16 03:34:18
01-026-2772,Blueberries,Fruits & Vegetables,Buzzbean,Discontinued,True,40,10.0,76,10,400.0,0,Premium Stock,2026-05-16 03:34:18
84-198-7276,Peanut Oil,Oils & Fats,Eidel,Active,True,60,4.0,94,15,240.0,1,High Stock,2026-05-16 03:34:18
56-810-0550,Mackerel,Seafood,Janyx,Backordered,False,71,7.5,52,68,532.5,0,Premium Stock,2026-05-16 03:34:18
40-751-8635,Pineapple,Fruits & Vegetables,Yamia,Discontinued,True,44,3.4,96,68,149.6,1,High Stock,2026-05-16 03:34:18
14-305-9690,Sushi Rice,Grains & Pulses,Dabshots,Active,False,19,4.3,58,23,81.7,1,High Stock,2026-05-16 03:34:18
83-727-0814,Basmati Rice,Grains & Pulses,Yodo,Active,True,11,4.5,29,6,49.5,1,High Stock,2026-05-16 03:34:18
71-015-9181,Pomegranate,Fruits & Vegetables,Tagopia,Active,True,22,6.0,41,27,132.0,1,High Stock,2026-05-16 03:34:18
51-572-5497,Orange,Fruits & Vegetables,Kanoodle,Discontinued,True,15,3.0,56,12,45.0,1,High Stock,2026-05-16 03:34:18
06-797-4963,Pomegranate,Fruits & Vegetables,Innojam,Active,False,52,6.0,38,81,312.0,0,Premium Stock,2026-05-16 03:34:18
37-606-0510,Milk,Dairy,Jabbercube,Active,True,18,1.0,73,38,18.0,1,High Stock,2026-05-16 03:34:18
44-480-9446,Sunflower Oil,Oils & Fats,Aibox,Active,False,39,2.5,84,93,97.5,1,High Stock,2026-05-16 03:34:18
78-237-0277,Black Tea,Beverages,Brainbox,Active,False,46,5.0,64,96,230.0,1,High Stock,2026-05-16 03:34:18
87-997-0228,Watermelon,Fruits & Vegetables,Topicblab,Discontinued,False,71,3.0,81,25,213.0,1,High Stock,2026-05-16 03:34:18
42-674-3917,Whole Wheat Flour,Grains & Pulses,Pixonyx,Backordered,True,41,2.65,50,50,108.65,1,High Stock,2026-05-16 03:34:18
28-185-7303,Robusta Coffee,Beverages,Yozio,Active,False,59,10.0,48,51,590.0,0,Premium Stock,2026-05-16 03:34:18
82-538-4809,Cabbage,Fruits & Vegetables,Twitternation,Backordered,False,83,1.0,35,7,83.0,1,High Stock,2026-05-16 03:34:18
30-964-2694,Peas,Fruits & Vegetables,Edgeclub,Active,True,48,3.0,51,41,144.0,1,High Stock,2026-05-16 03:34:18
09-335-7793,Powdered Sugar,Grains & Pulses,Topicshots,Active,False,66,2.4,30,49,158.4,1,High Stock,2026-05-16 03:34:18
99-033-5661,Rice Flour,Grains & Pulses,Zava,Active,False,42,2.0,35,22,84.0,1,High Stock,2026-05-16 03:34:18
90-128-7973,Black Rice,Grains & Pulses,Shuffletag,Backordered,False,49,6.25,75,46,306.25,0,Premium Stock,2026-05-16 03:34:18
52-797-6961,Tilapia,Seafood,Plajo,Discontinued,True,46,7.0,62,22,322.0,0,Premium Stock,2026-05-16 03:34:18
39-232-5341,Arborio Rice,Grains & Pulses,Feedmix,Discontinued,True,20,4.5,50,83,90.0,1,High Stock,2026-05-16 03:34:18
46-931-6897,Cream,Dairy,Meevee,Discontinued,True,29,2.5,64,85,72.5,1,High Stock,2026-05-16 03:34:18
56-937-8675,Cream,Dairy,Trilith,Discontinued,True,62,2.5,41,77,155.0,1,High Stock,2026-05-16 03:34:18
54-830-6971,Tilapia,Seafood,Dynava,Backordered,False,100,7.0,85,79,700.0,0,Premium Stock,2026-05-16 03:34:18
90-865-9150,Powdered Sugar,Grains & Pulses,Kazu,Discontinued,False,28,2.5,82,5,70.0,1,High Stock,2026-05-16 03:34:18
42-887-6557,Long Grain Rice,Grains & Pulses,Geba,Active,True,26,1.5,76,88,39.0,1,High Stock,2026-05-16 03:34:18
94-190-5193,Carrot,Fruits & Vegetables,Quinu,Discontinued,True,67,1.5,67,82,100.5,1,High Stock,2026-05-16 03:34:18
00-440-9568,Blueberries,Fruits & Vegetables,Kamba,Active,True,53,10.0,55,51,530.0,0,Premium Stock,2026-05-16 03:34:18
74-294-3760,Peanut Oil,Oils & Fats,Babblestorm,Discontinued,False,49,4.0,45,96,196.0,1,High Stock,2026-05-16 03:34:18
66-806-6051,Yogurt,Dairy,Devpulse,Backordered,False,63,1.7,56,31,107.1,1,High Stock,2026-05-16 03:34:18
81-844-2979,Broccoli,Fruits & Vegetables,Realblab,Discontinued,True,73,4.0,47,67,292.0,0,Premium Stock,2026-05-16 03:34:18
80-039-1261,Strawberries,Fruits & Vegetables,Skimia,Discontinued,True,26,6.0,94,58,156.0,1,High Stock,2026-05-16 03:34:18
58-219-0241,Avocado Oil,Oils & Fats,Twitterwire,Discontinued,False,50,10.0,27,6,500.0,0,Premium Stock,2026-05-16 03:34:18
94-528-8088,Haddock,Seafood,Zoovu,Active,False,43,9.0,66,71,387.0,0,Premium Stock,2026-05-16 03:34:18
95-349-0828,Feta Cheese,Dairy,Avaveo,Active,False,97,7.0,95,28,679.0,0,Premium Stock,2026-05-16 03:34:18
67-984-5368,Parmesan Cheese,Dairy,Yakidoo,Backordered,True,52,12.0,31,69,624.0,0,Premium Stock,2026-05-16 03:34:18
44-782-1395,Raw Sugar,Grains & Pulses,Flipopia,Active,False,72,1.5,39,78,108.0,1,High Stock,2026-05-16 03:34:18
75-927-9108,Cabbage,Fruits & Vegetables,Topdrive,Discontinued,True,24,1.0,55,72,24.0,1,High Stock,2026-05-16 03:34:18
78-614-4402,Green Beans,Fruits & Vegetables,Gigazoom,Discontinued,True,81,2.0,20,85,162.0,1,High Stock,2026-05-16 03:34:18
01-903-5373,Strawberries,Fruits & Vegetables,Lazz,Discontinued,False,94,6.0,40,84,564.0,0,Premium Stock,2026-05-16 03:34:18
